img_a,img_b,method,dcor,dcov,mic_e,tic_e,pearson,mic,tic,corr
img_0_bw,img_0_bw,full,0.9990037415738382,0.10983992972428061,,,,0.9999999932711469,13346.41831174982,0.9999999999999997
img_0_bw,img_0_bw,fast,1.0,1118.0692476619497,,,,1.0000000000000002,41.33546405684484,1.0
img_0_bw,img_0_noise_low,full,0.8218022202145648,0.09527306490632469,,,,0.5179506502406788,4332.547017340955,0.8439597367869724
img_0_bw,img_0_noise_low,fast,0.8163679071569886,1037.2143046359697,,,,0.8204402511423331,28.457144951679155,0.7361936034368857
img_0_bw,img_0_noise_mid,full,0.42924298500031777,0.06610733564657785,,,,0.1240304883125602,917.8536543903954,0.4630450966356259
img_0_bw,img_0_noise_mid,fast,0.7643132136539392,974.257356664029,,,,0.7236215127630469,24.999536333106708,0.6830370943961968
img_0_bw,img_0_noise_high,full,0.2707757606376897,0.051740393631430875,,,,0.050063301014389855,361.2987102901008,0.29819350434243647
img_0_bw,img_0_noise_high,fast,0.7701608593032885,994.8104447241634,,,,0.8027799367324459,28.559666106566745,0.6752813601723264
img_0_noise_low,img_0_noise_low,full,1.0000000000002331,0.12223976915717148,,,,1.0000000000000038,13344.90495974687,0.9999999999999998
img_0_noise_low,img_0_noise_low,fast,1.0,1443.7647889881957,,,,1.0000000000000002,41.33030079569897,0.9999999999999998
img_0_noise_low,img_0_noise_mid,full,0.3647453792724292,0.05923057397123862,,,,0.0898408316056699,649.8370513827329,0.39048409920096566
img_0_noise_low,img_0_noise_mid,fast,0.9800072914729788,1419.5330380106075,,,,0.8976741795845459,35.207511620617396,0.9802883968725338
img_0_noise_low,img_0_noise_high,full,0.23209233081322683,0.04676171478863996,,,,0.0371064424163251,263.2545467085688,0.2525523874269539
img_0_noise_low,img_0_noise_high,fast,0.9877087437324855,1449.7785273271568,,,,0.9834950677145502,39.57208638158995,0.9826205928564331
img_0_noise_mid,img_0_noise_mid,full,1.0000000000002054,0.2157246453353246,,,,1.0000000000000038,13344.90495974687,0.9999999999999998
img_0_noise_mid,img_0_noise_mid,fast,1.0,1453.2353367280855,,,,1.0000000000000002,41.34396622613948,1.0
img_0_noise_mid,img_0_noise_high,full,0.12610786509300423,0.03375323736000992,,,,0.011757337681975387,84.72153438400179,0.13916011557709546
img_0_noise_mid,img_0_noise_high,fast,0.980090656183389,1443.307157685947,,,,0.9131679843335894,35.22336796209789,0.9823490940495593
img_0_noise_high,img_0_noise_high,full,1.0000000000000846,0.33208308606167974,,,,1.0000000000000038,13344.90495974687,1.0
img_0_noise_high,img_0_noise_high,fast,1.0,1492.275756759185,,,,1.0000000000000002,41.3371115867404,0.9999999999999999
img_1_bw,img_1_bw,full,1.0066530952948782,0.032064083638164896,,,,0.9999999995231513,13350.63235050213,0.9999999999999997
img_1_bw,img_1_bw,fast,1.0,1565.6639504667899,,,,1.0000000000000002,41.337034409062035,1.0
img_1_bw,img_1_noise_low,full,0.482108460750788,0.02352165516196749,,,,0.12667290831433528,1258.08818168343,0.6268700870865889
img_1_bw,img_1_noise_low,fast,0.462723926197128,764.7521536749813,,,,0.4590321851741945,15.347393588642738,0.26294046216754885
img_1_bw,img_1_noise_mid,full,0.20838382778914818,0.016465088826669277,,,,0.028450200638441284,237.79620274560722,0.2587438891193558
img_1_bw,img_1_noise_mid,fast,0.24452975652221615,375.6863181134606,,,,0.4099932377516912,12.858787239039957,0.03958025335421121
img_1_bw,img_1_noise_high,full,0.1371254894971901,0.01385654856164493,,,,0.013035273244826489,96.75438296665351,0.1590525306589533
img_1_bw,img_1_noise_high,fast,0.25543926509961074,386.5785866598695,,,,0.42053085795851475,13.342989655540654,0.0559802210491579
img_1_noise_low,img_1_noise_low,full,0.9999999999999373,0.0747321112503059,,,,1.0000000000000038,13344.90495974687,1.0
img_1_noise_low,img_1_noise_low,fast,1.0,1744.6123916082681,,,,1.0000000000000002,41.3344951626068,1.0
img_1_noise_low,img_1_noise_mid,full,0.11526091266360419,0.013949744296638141,,,,0.018759058537829918,141.78723416050593,0.16243033688270164
img_1_noise_low,img_1_noise_mid,fast,0.7570176475014742,1227.721518501746,,,,0.8940631275435156,32.96756981422682,0.7385745395177593
img_1_noise_low,img_1_noise_high,full,0.07275895485396945,0.011261790794146189,,,,0.00835054271216126,60.941131838417135,0.10099148177244732
img_1_noise_low,img_1_noise_high,fast,0.7569666219810501,1209.2805513344379,,,,0.9012491401139121,32.962658252720104,0.7394038985121958
img_1_noise_mid,img_1_noise_mid,full,0.9999999999999827,0.19600228481246856,,,,1.0000000000000038,13344.90495974687,1.0
img_1_noise_mid,img_1_noise_mid,fast,1.0,1507.6091868010753,,,,1.0000000000000002,41.335823325381206,1.0
img_1_noise_mid,img_1_noise_high,full,0.03431109860171131,0.008600675622509346,,,,0.0034341276347552136,19.816567782162135,0.04207075721140691
img_1_noise_mid,img_1_noise_high,fast,0.9989707601184878,1483.5357832839218,,,,0.9999559719934967,40.44219223772124,0.9987511957357705
img_1_noise_high,img_1_noise_high,full,1.0000000000001215,0.3205787676303496,,,,1.0000000000000038,13344.90495974687,0.9999999999999998
img_1_noise_high,img_1_noise_high,fast,1.0,1462.8564931102753,,,,1.0000000000000002,41.340795498353906,1.0
img_2_bw,img_2_bw,full,1.0032396994777268,0.0980865120578199,,,,0.9999999873849528,13347.779225408536,0.9999999999999992
img_2_bw,img_2_bw,fast,1.0,1147.8452454386363,,,,1.0000000000000002,41.31749441890989,1.0
img_2_bw,img_2_noise_low,full,0.7960858981939534,0.08462822561389392,,,,0.4371824001251413,4017.409961468957,0.8399402983383524
img_2_bw,img_2_noise_low,fast,0.7757667739128664,986.6151828855211,,,,0.6754635447491655,25.01234841924046,0.7180082886605843
img_2_bw,img_2_noise_mid,full,0.41232491384201625,0.05957892664569942,,,,0.1048556186035125,861.1330696381197,0.45783392488467317
img_2_bw,img_2_noise_mid,fast,0.7100518034115758,924.7858169715018,,,,0.638776822768804,23.269936418664997,0.6229690403145067
img_2_bw,img_2_noise_high,full,0.2641226155882758,0.04753861778146473,,,,0.04340613575497086,344.949885557081,0.29530419600168734
img_2_bw,img_2_noise_high,fast,0.5975268685192974,764.9737407962541,,,,0.5128528537943867,18.903961432173496,0.4946957349468557
img_2_noise_low,img_2_noise_low,full,0.9999999999998769,0.11558621076100245,,,,1.0000000000000038,13344.90495974687,1.0
img_2_noise_low,img_2_noise_low,fast,1.0,1409.1262317692135,,,,1.0000000000000002,41.31647271907814,1.0
img_2_noise_low,img_2_noise_mid,full,0.34388209342176124,0.054027314657408475,,,,0.07389408727734564,600.0027700359483,0.38488304426788655
img_2_noise_low,img_2_noise_mid,fast,0.946514165427785,1365.8767851779621,,,,0.9676615524396944,36.83918437551366,0.9478235016168368
img_2_noise_low,img_2_noise_high,full,0.2198560471056191,0.043025913362642304,,,,0.031371485761174815,244.8739873658347,0.24728936334455065
img_2_noise_low,img_2_noise_high,fast,0.8245121099921366,1169.5516540585736,,,,0.8110410637207217,30.387384351676634,0.8180262753998717
img_2_noise_mid,img_2_noise_mid,full,1.0000000000000093,0.21355100220964135,,,,1.0000000000000038,13344.90495974687,1.0
img_2_noise_mid,img_2_noise_mid,fast,1.0,1477.8110577581633,,,,1.0000000000000002,41.35101122265313,0.9999999999999998
img_2_noise_mid,img_2_noise_high,full,0.12141356150439829,0.03229659039024796,,,,0.011182477518441031,82.55383143363198,0.13605925912142142
img_2_noise_mid,img_2_noise_high,fast,0.9455411382589077,1373.527324636613,,,,0.8554503493259508,32.785087208597126,0.9483684959015712
img_2_noise_high,img_2_noise_high,full,0.9999999999999818,0.3313426486617056,,,,1.0000000000000038,13344.90495974687,0.9999999999999998
img_2_noise_high,img_2_noise_high,fast,1.0,1427.8902821261015,,,,1.0000000000000002,41.32988582463672,1.0
img_3_bw,img_3_bw,full,1.0035096218944306,0.09783668583875517,,,,0.9999999999999994,13345.777306203729,1.0
img_3_bw,img_3_bw,fast,1.0,1205.149701659259,,,,1.0000000000000002,41.31581828093452,1.0
img_3_bw,img_3_noise_low,full,0.7946977933072183,0.0838144223907467,,,,0.45928012082958525,3948.0142268194095,0.830281059202683
img_3_bw,img_3_noise_low,fast,0.7360566088971827,979.4504161768809,,,,0.7064701867164938,24.953567281796133,0.6612231593528948
img_3_bw,img_3_noise_mid,full,0.4036214380168244,0.05797544890396482,,,,0.10544066061506327,816.1025033112477,0.44392881372060394
img_3_bw,img_3_noise_mid,fast,0.5574715623783587,752.532462990738,,,,0.580474780366317,20.149816045252418,0.4419500074451542
img_3_bw,img_3_noise_high,full,0.25484218837782147,0.04570143207651109,,,,0.042406306951249285,320.5058289581642,0.2826509791112707
img_3_bw,img_3_noise_high,fast,0.4848259704264954,644.4446972915081,,,,0.4989359487364102,16.660623188745532,0.3544447259098047
img_3_noise_low,img_3_noise_low,full,0.9999999999999178,0.1140915044202591,,,,1.0000000000000038,13344.90495974687,1.0
img_3_noise_low,img_3_noise_low,fast,1.0,1469.2695551570168,,,,1.0000000000000002,41.332763368039146,1.0
img_3_noise_low,img_3_noise_mid,full,0.33559149651427744,0.05214556770845211,,,,0.07341973309485833,561.7758318308668,0.36975031278753057
img_3_noise_low,img_3_noise_mid,fast,0.8763421937528858,1306.1903914951054,,,,0.8341456843942353,32.27807650143119,0.8661774633869312
img_3_noise_low,img_3_noise_high,full,0.21122141043680925,0.04097632249099851,,,,0.030076489158981097,224.60286491427243,0.23398729537266832
img_3_noise_low,img_3_noise_high,fast,0.7889540475434351,1157.9284610026677,,,,0.7547255921408952,28.37393450520732,0.7673281527807811
img_3_noise_mid,img_3_noise_mid,full,0.9999999999999246,0.2116214070091425,,,,1.0000000000000038,13344.90495974687,1.0
img_3_noise_mid,img_3_noise_mid,fast,1.0,1512.0426621966394,,,,1.0000000000000002,41.364117626872684,1.0
img_3_noise_mid,img_3_noise_high,full,0.1112180002848619,0.029384835803826635,,,,0.009799397391157707,70.69635438519789,0.12479092918373097
img_3_noise_mid,img_3_noise_high,fast,0.9756941601699219,1452.6968954016622,,,,0.9019430369309818,34.963681710132796,0.9776521827550813
img_3_noise_high,img_3_noise_high,full,1.0000000000000127,0.32986540802056724,,,,1.0000000000000038,13344.90495974687,1.0
img_3_noise_high,img_3_noise_high,fast,1.0,1466.083009172276,,,,1.0000000000000002,41.35089360861839,1.0
img_4_bw,img_4_bw,full,0.9983568137639423,0.11472943678966924,,,,0.9999999999999976,13345.804964770929,1.0
img_4_bw,img_4_bw,fast,1.0,1016.8710331594734,,,,1.0000000000000002,41.31934775047037,0.9999999999999998
img_4_bw,img_4_noise_low,full,0.8420805872495092,0.1032859369733146,,,,0.4791382482578162,4648.757761592376,0.8846526174664653
img_4_bw,img_4_noise_low,fast,0.5717386460224321,674.8635652359106,,,,0.4128682915103582,14.546563665048721,0.5734459989751712
img_4_bw,img_4_noise_mid,full,0.4804952669770964,0.07697033587536117,,,,0.14360968029670435,1201.162206854899,0.5347901327515037
img_4_bw,img_4_noise_mid,fast,0.3100507945515066,381.70172217790594,,,,0.3317084177045576,10.738550257596351,0.2118008100251371
img_4_bw,img_4_noise_high,full,0.3142864724250073,0.0619390819758783,,,,0.061243726028847374,496.46955691449,0.35382138428985577
img_4_bw,img_4_noise_high,fast,0.34028789686743566,423.4563842179909,,,,0.3801417278085845,12.369903638818176,0.2517196058275798
img_4_noise_low,img_4_noise_low,full,1.000000000000035,0.13091397233240745,,,,1.0000000000000038,13344.90495974687,1.0
img_4_noise_low,img_4_noise_low,fast,1.0,1370.1590704657788,,,,1.0000000000000002,41.3222706568173,1.0
img_4_noise_low,img_4_noise_mid,full,0.421587702666717,0.07208097704697385,,,,0.11346158498942402,938.6026787894825,0.4735432249321215
img_4_noise_low,img_4_noise_mid,fast,0.8165966892662878,1166.947835020792,,,,0.899327503623011,33.4196916971912,0.806267274788414
img_4_noise_low,img_4_noise_high,full,0.27691420867788696,0.05824823616432992,,,,0.04918173580510195,397.522877845556,0.31323135259241697
img_4_noise_low,img_4_noise_high,fast,0.8452663420382165,1220.9793394628555,,,,0.9652016987500649,34.06664096079785,0.8354465346980703
img_4_noise_mid,img_4_noise_mid,full,0.9999999999998864,0.22329523723401776,,,,1.0000000000000038,13344.90495974687,1.0
img_4_noise_mid,img_4_noise_mid,fast,1.0,1490.4474402344479,,,,1.0000000000000002,41.33765178552453,1.0
img_4_noise_mid,img_4_noise_high,full,0.16639062041354555,0.045710198701279126,,,,0.020208957932005115,155.60666246715078,0.18837967862926475
img_4_noise_mid,img_4_noise_high,fast,0.9967156629261045,1501.6159060317498,,,,0.9331781149026102,36.71037119241933,0.9973849174821443
img_4_noise_high,img_4_noise_high,full,0.9999999999999728,0.3379785016345071,,,,1.0000000000000038,13344.90495974687,1.0
img_4_noise_high,img_4_noise_high,fast,1.0,1522.8547711427018,,,,1.0000000000000002,41.35996373840641,1.0
img_5_bw,img_5_bw,full,0.9994462949281417,0.1673165629824051,,,,0.9999999999823387,13345.981411340945,0.9999999999999996
img_5_bw,img_5_bw,fast,1.0,791.2264415210217,,,,0.9999861288309188,41.326544412183836,1.0
img_5_bw,img_5_noise_low,full,0.9109356955195778,0.15519767569207116,,,,0.6606560777046087,5964.119189321949,0.9207401917274178
img_5_bw,img_5_noise_low,fast,0.7182680925183156,658.4724922278468,,,,0.5611082351709479,19.660937093124616,0.5710684914572615
img_5_bw,img_5_noise_mid,full,0.5913546564049128,0.11949012619103432,,,,0.24509748735052964,1833.0152641296122,0.620027648986105
img_5_bw,img_5_noise_mid,fast,0.5687017001364872,604.8591980318175,,,,0.5494614251646006,17.93655324496748,0.3696673743779929
img_5_bw,img_5_noise_high,full,0.39968182627671506,0.09675379995317412,,,,0.10940385939269963,784.1914704839663,0.42792847545809687
img_5_bw,img_5_noise_high,fast,0.5924110742132244,633.6940506425843,,,,0.4851368128844357,16.70840922828887,0.3979610809850158
img_5_noise_low,img_5_noise_low,full,0.9999999999999294,0.1733865927313016,,,,1.0000000000000038,13344.90495974687,1.0
img_5_noise_low,img_5_noise_low,fast,1.0,1062.1878591632983,,,,1.0000000000000002,41.31890990619382,1.0
img_5_noise_low,img_5_noise_mid,full,0.5477605091456704,0.11264002479442276,,,,0.2159292741391286,1557.5317613704249,0.5713420343715669
img_5_noise_low,img_5_noise_mid,fast,0.8488605588153167,1046.0595007831678,,,,0.9936507116910405,37.75192416106444,0.8165626108907786
img_5_noise_low,img_5_noise_high,full,0.3708691405518667,0.09136762737948041,,,,0.0974265709436692,678.4401072886899,0.39375389735314364
img_5_noise_low,img_5_noise_high,fast,0.8610107442189263,1067.1250204207347,,,,0.9517770194406904,35.2341846941448,0.8334432020856598
img_5_noise_mid,img_5_noise_mid,full,1.0000000000000266,0.24388692918838836,,,,1.0000000000000038,13344.90495974687,0.9999999999999998
img_5_noise_mid,img_5_noise_mid,fast,1.0,1429.6796424420825,,,,1.0000000000000002,41.33220472772672,1.0
img_5_noise_mid,img_5_noise_high,full,0.2452712559790387,0.07166462144490346,,,,0.041816032679079775,303.60384594999095,0.263532784730075
img_5_noise_mid,img_5_noise_high,fast,0.993939383549896,1429.1747385214567,,,,0.9220432114690502,36.07186739451764,0.9953887665336119
img_5_noise_high,img_5_noise_high,full,1.0000000000000784,0.35004815001529355,,,,1.0000000000000038,13344.90495974687,1.0
img_5_noise_high,img_5_noise_high,fast,1.0,1446.145966488322,,,,1.0000000000000002,41.34374593224586,1.0
img_6_bw,img_6_bw,full,0.9952533128894158,0.09521744518025069,,,,0.9999997312770903,13347.98964663558,0.9999999999999997
img_6_bw,img_6_bw,fast,1.0,1124.5182704109222,,,,1.0000000000000002,41.32732855861552,0.9999999999999999
img_6_bw,img_6_noise_low,full,0.7887639148446502,0.08203197782574151,,,,0.46404408588450685,3878.726908093832,0.8235082029647802
img_6_bw,img_6_noise_low,fast,0.8364199996642222,1049.0889029866194,,,,0.6581050704084462,25.061109336416635,0.8083753753857275
img_6_bw,img_6_noise_mid,full,0.3942177098388046,0.056001502703009715,,,,0.10383793026605213,785.7751350267245,0.43455482669420364
img_6_bw,img_6_noise_mid,fast,0.7422236346766974,957.6194078643067,,,,0.5589867396520941,19.664633095343333,0.7473235819393473
img_6_bw,img_6_noise_high,full,0.24718452526944099,0.04388469329400429,,,,0.04191732955610297,312.1477313045076,0.2788433124988367
img_6_bw,img_6_noise_high,fast,0.7819067648843019,1006.5587680958204,,,,0.5841668583292088,21.59384790955668,0.7710112285129024
img_6_noise_low,img_6_noise_low,full,0.9999999999999213,0.11305490386584235,,,,1.0000000000000038,13344.90495974687,1.0
img_6_noise_low,img_6_noise_low,fast,1.0,1398.972743219189,,,,1.0000000000000002,41.33007577002785,1.0
img_6_noise_low,img_6_noise_mid,full,0.3256778909045303,0.05029271522541831,,,,0.07128513524113067,530.4176290559261,0.35707435711433555
img_6_noise_low,img_6_noise_mid,fast,0.953043819576036,1371.4892175926138,,,,0.8019886105925368,31.18399579346922,0.9642448373822932
img_6_noise_low,img_6_noise_high,full,0.20803396939085614,0.040149422293706806,,,,0.029800983955188615,217.63870306190967,0.2301108666229428
img_6_noise_low,img_6_noise_high,fast,0.984688957574777,1413.8541209344785,,,,0.9042689347855093,34.72854602244762,0.9887612580467386
img_6_noise_mid,img_6_noise_mid,full,1.0000000000000642,0.21093284361387454,,,,1.0000000000000038,13344.90495974687,1.0
img_6_noise_mid,img_6_noise_mid,fast,1.0,1480.3002194604678,,,,1.0000000000000002,41.349098043359,1.0
img_6_noise_mid,img_6_noise_high,full,0.10794568190213977,0.028456253449819603,,,,0.009115222009706098,66.24581548247161,0.12089970098507744
img_6_noise_mid,img_6_noise_high,fast,0.9849243214658192,1454.7175272047452,,,,0.9137336481562635,35.62080405766734,0.9865419839938312
img_6_noise_high,img_6_noise_high,full,0.9999999999999662,0.3294584757568134,,,,1.0000000000000038,13344.90495974687,1.0
img_6_noise_high,img_6_noise_high,fast,1.0,1473.6753376731087,,,,1.0000000000000002,41.32603238571484,1.0
img_7_bw,img_7_bw,full,0.9995521395975202,0.17237750379045688,,,,0.9999999998320471,13345.609730419555,1.0
img_7_bw,img_7_bw,fast,1.0,718.718020287015,,,,0.9999861288309188,41.326544412183836,0.9999999999999998
img_7_bw,img_7_noise_low,full,0.9156922630799141,0.16102665540909122,,,,0.6413896761832407,6087.3382874282,0.9273429922818538
img_7_bw,img_7_noise_low,fast,0.5602863102001938,489.60325708345437,,,,0.376830415644059,12.991306366703922,0.5244474870151482
img_7_bw,img_7_noise_mid,full,0.6073612471252016,0.12582809322256602,,,,0.2530893650126143,1956.74050382664,0.6379525677872488
img_7_bw,img_7_noise_mid,fast,0.4145542179805865,416.14808883130405,,,,0.3112955692762708,9.255264689678748,0.35118927560646285
img_7_bw,img_7_noise_high,full,0.41571123156278383,0.10265769749887996,,,,0.11534297868314286,851.131763711838,0.44566313905273597
img_7_bw,img_7_noise_high,fast,0.4222874955243043,430.59397712995576,,,,0.2811670432060283,8.628068304480562,0.3518361332309072
img_7_noise_low,img_7_noise_low,full,0.9999999999999051,0.17931694092860584,,,,1.0000000000000038,13344.90495974687,1.0
img_7_noise_low,img_7_noise_low,fast,1.0,1062.4537656890877,,,,1.0000000000000002,41.324973525622525,1.0
img_7_noise_low,img_7_noise_mid,full,0.5652994668568053,0.11942141333669762,,,,0.22837264978944988,1685.5538823996922,0.5915527418906217
img_7_noise_low,img_7_noise_mid,fast,0.830159469643917,1013.2202139856855,,,,0.9840471637045684,36.58459640699764,0.8172845126121457
img_7_noise_low,img_7_noise_high,full,0.386132913878941,0.09723210251658546,,,,0.10330731217524883,739.2606847495766,0.41187395604967947
img_7_noise_low,img_7_noise_high,fast,0.8138356952774177,1008.9559753670662,,,,0.9999559719934967,37.019719830754255,0.7943973465800823
img_7_noise_mid,img_7_noise_mid,full,0.9999999999999596,0.24887767460159094,,,,1.0000000000000038,13344.90495974687,1.0
img_7_noise_mid,img_7_noise_mid,fast,1.0,1402.08582384385,,,,1.0000000000000002,41.333900919241565,0.9999999999999999
img_7_noise_mid,img_7_noise_high,full,0.26474414874897734,0.07853830683238829,,,,0.04756484894038178,352.1568884095362,0.28504577397689146
img_7_noise_mid,img_7_noise_high,fast,0.9979581104498947,1421.2814030861311,,,,0.9760396646627625,38.8288924498149,0.9977839531188748
img_7_noise_high,img_7_noise_high,full,1.0000000000001479,0.35360987742166916,,,,1.0000000000000038,13344.90495974687,1.0
img_7_noise_high,img_7_noise_high,fast,1.0,1446.6415167221435,,,,1.0000000000000002,41.33635823738528,1.0
img_8_bw,img_8_bw,full,1.0046259009801317,0.0897173818414584,,,,0.9999999999813382,13347.457412155312,1.0
img_8_bw,img_8_bw,fast,1.0,1148.4849761999308,,,,1.0000000000000002,41.32308977894865,1.0
img_8_bw,img_8_noise_low,full,0.7787707075044367,0.07756027866079843,,,,0.3977243562880879,3788.4898462279452,0.8306499024441598
img_8_bw,img_8_noise_low,fast,0.8825835081436217,1136.0934565389898,,,,0.7701873185515692,28.725569942412193,0.8785301269618924
img_8_bw,img_8_noise_mid,full,0.39610094503065574,0.054467695177136545,,,,0.0970352761277511,794.9249021772353,0.4434031238614839
img_8_bw,img_8_noise_mid,fast,0.8412662271915179,1106.621078340896,,,,0.8066639490736414,29.437038691134063,0.8174510940006471
img_8_bw,img_8_noise_high,full,0.25499011925798215,0.043799854624685546,,,,0.04109304058833589,323.97233205568375,0.2868992812258505
img_8_bw,img_8_noise_high,fast,0.8558289911824108,1126.4900319045687,,,,0.7475589462124519,28.63158406005678,0.8368399839304266
img_8_noise_low,img_8_noise_low,full,1.000000000000054,0.1110675739145182,,,,1.0000000000000038,13344.90495974687,0.9999999999999997
img_8_noise_low,img_8_noise_low,fast,1.0,1442.7503307883683,,,,1.0000000000000002,41.33105009558341,1.0
img_8_noise_low,img_8_noise_mid,full,0.3246731995484895,0.04978942297153992,,,,0.06694574823448753,543.3492542095311,0.36802334681119003
img_8_noise_low,img_8_noise_mid,fast,0.9624471671751487,1418.9768637467448,,,,0.9304025418033771,36.21979542095046,0.959050998326205
img_8_noise_low,img_8_noise_high,full,0.20969457100899624,0.04016927896004113,,,,0.029047867716931467,227.9924607593967,0.2384133070489326
img_8_noise_low,img_8_noise_high,fast,0.9800102157364039,1445.7855968235094,,,,0.9998238825988727,39.005914173434455,0.9773000443071542
img_8_noise_mid,img_8_noise_mid,full,1.0000000000000855,0.21173566582746578,,,,1.0000000000000038,13344.90495974687,0.9999999999999999
img_8_noise_mid,img_8_noise_mid,fast,1.0,1506.626663599226,,,,1.0000000000000002,41.352347384769,1.0
img_8_noise_mid,img_8_noise_high,full,0.11414788643675282,0.030191041190103417,,,,0.00997166158906808,73.18020507703636,0.12895849801491907
img_8_noise_mid,img_8_noise_high,fast,0.9955743593394819,1500.9085352539312,,,,0.9497287326074132,37.33462836500492,0.9961987088076871
img_8_noise_high,img_8_noise_high,full,1.0000000000000568,0.3303896344319879,,,,1.0000000000000038,13344.90495974687,1.0
img_8_noise_high,img_8_noise_high,fast,1.0,1508.535030351829,,,,1.0000000000000002,41.352792223168514,0.9999999999999998
img_9_bw,img_9_bw,full,1.0024850920746968,0.08982572809809634,,,,0.9999999993281916,13346.06085305194,1.0
img_9_bw,img_9_bw,fast,1.0,1114.6680066376698,,,,1.0000000000000002,41.31749441890989,1.0
img_9_bw,img_9_noise_low,full,0.779575049562684,0.07791799776635573,,,,0.4057077762707454,3861.515945223901,0.8395669458582036
img_9_bw,img_9_noise_low,fast,0.8960938038897474,1125.642217282987,,,,0.7432120593158786,27.143435073990148,0.8732396699074116
img_9_bw,img_9_noise_mid,full,0.40422341301044074,0.05588565802853922,,,,0.10144761754290213,840.5531077633023,0.4585622545885636
img_9_bw,img_9_noise_mid,fast,0.8858874136422434,1158.387806509052,,,,0.7978625392411748,28.374364736238636,0.8361719234225503
img_9_bw,img_9_noise_high,full,0.26098805242745177,0.0449762442300016,,,,0.04295448726626065,340.70532780970115,0.2966000173492779
img_9_bw,img_9_noise_high,fast,0.8937171074856503,1142.0288774867345,,,,0.781849992463073,28.565459254551605,0.8446680497748216
img_9_noise_low,img_9_noise_low,full,1.000000000000044,0.11149024838376372,,,,1.0000000000000038,13344.90495974687,1.0
img_9_noise_low,img_9_noise_low,fast,1.0,1415.6251218734158,,,,1.0000000000000002,41.32011362409147,1.0
img_9_noise_low,img_9_noise_mid,full,0.332784665900222,0.051321488126867404,,,,0.07049112744683317,579.8537585110365,0.3852450741815851
img_9_noise_low,img_9_noise_mid,fast,0.9789933792935849,1442.635327974738,,,,0.9169484203023259,35.94383156998512,0.9782273486624669
img_9_noise_low,img_9_noise_high,full,0.21461028269492316,0.04125438493392343,,,,0.03077381969561578,240.08059681897555,0.24858051169256584
img_9_noise_low,img_9_noise_high,fast,0.9839331666555958,1416.9155842918221,,,,0.9462060682852529,37.22645621572031,0.98281158094671
img_9_noise_mid,img_9_noise_mid,full,1.000000000000166,0.21332167511369524,,,,1.0000000000000038,13344.90495974687,1.0
img_9_noise_mid,img_9_noise_mid,fast,1.0,1533.9293447345904,,,,1.0000000000000002,41.376958791018744,1.0
img_9_noise_mid,img_9_noise_high,full,0.11690308144602504,0.031084551098192525,,,,0.01031610049924142,77.64632149860057,0.1346296346439992
img_9_noise_mid,img_9_noise_high,fast,0.9977666852095821,1495.6704840853047,,,,0.9773433438257546,39.66439489380809,0.9976077261506744
img_9_noise_high,img_9_noise_high,full,1.0000000000000084,0.33143799788182876,,,,1.0000000000000038,13344.90495974687,1.0
img_9_noise_high,img_9_noise_high,fast,1.0,1464.901732764863,,,,1.0000000000000002,41.336288595634215,1.0
img_10_bw,img_10_bw,full,1.0007331999209268,0.11172231742972581,,,,0.9999999972448516,13349.907979179598,0.9999999999999998
img_10_bw,img_10_bw,fast,1.0,1139.261941902661,,,,1.0000000000000002,41.314453132914664,1.0
img_10_bw,img_10_noise_low,full,0.8287617866617956,0.09730582607221001,,,,0.5434359240426306,4411.861994636418,0.8530589435612527
img_10_bw,img_10_noise_low,fast,0.7033489082884768,876.7099881992059,,,,0.56078768296902,20.644046986143902,0.6690091797069726
img_10_bw,img_10_noise_mid,full,0.43864783515697336,0.06821461643635288,,,,0.13505779659711095,981.781039680335,0.47860256140413504
img_10_bw,img_10_noise_mid,fast,0.5003777558057246,645.034196522289,,,,0.39236102501892156,13.612193945344444,0.5118128612027952
img_10_bw,img_10_noise_high,full,0.2783454946536376,0.05363658613223067,,,,0.05505271163898372,388.48763971792505,0.3083850220039721
img_10_bw,img_10_noise_high,fast,0.45405216432966267,599.2852767046978,,,,0.3795861975356268,12.47025290015181,0.4700664572718996
img_10_noise_low,img_10_noise_low,full,1.000000000000079,0.12348000097888447,,,,1.0000000000000038,13344.90495974687,0.9999999999999999
img_10_noise_low,img_10_noise_low,fast,1.0,1363.7874318400613,,,,1.0000000000000002,41.32478586030889,1.0
img_10_noise_low,img_10_noise_mid,full,0.3760586649265646,0.061504168201900966,,,,0.10195784834159435,728.8476025917796,0.408732976590947
img_10_noise_low,img_10_noise_mid,fast,0.8435229799112175,1189.7157472248427,,,,0.6929069925451949,25.705502137626876,0.8714167323959712
img_10_noise_low,img_10_noise_high,full,0.24128416777741407,0.04889824319695892,,,,0.043080127091201036,299.4528430817523,0.2650005728903051
img_10_noise_low,img_10_noise_high,fast,0.7866175624053258,1135.9338553275534,,,,0.6665096886933378,23.51022560396887,0.8163972253877059
img_10_noise_mid,img_10_noise_mid,full,0.9999999999999988,0.21662135829562815,,,,1.0000000000000038,13344.90495974687,0.9999999999999997
img_10_noise_mid,img_10_noise_mid,fast,1.0,1458.6325446865505,,,,1.0000000000000002,41.335013440177384,1.0
img_10_noise_mid,img_10_noise_high,full,0.13243070425096903,0.0355472037936424,,,,0.012894948130840054,94.09106088809736,0.14752868564495897
img_10_noise_mid,img_10_noise_high,fast,0.9908400536478891,1479.7643724957825,,,,0.9288283025950798,36.41414977205794,0.9916732119735705
img_10_noise_high,img_10_noise_high,full,1.00000000000003,0.332607651837898,,,,1.0000000000000038,13344.90495974687,0.9999999999999998
img_10_noise_high,img_10_noise_high,fast,1.0,1529.0867538774337,,,,1.0000000000000002,41.36585019861449,1.0
img_11_bw,img_11_bw,full,1.0165507160689575,0.11067911325609141,,,,0.9999999997014181,13347.48937267064,0.9999999999999998
img_11_bw,img_11_bw,fast,1.0,1132.8041394636577,,,,1.0000000000000002,41.32005798778885,1.0
img_11_bw,img_11_noise_low,full,0.834889528034715,0.09768775579503644,,,,0.501175576764825,4554.937665704952,0.8736144228020576
img_11_bw,img_11_noise_low,fast,0.5707559442475135,704.7543876589317,,,,0.4918335262055208,15.654571982245661,0.5776919497181843
img_11_bw,img_11_noise_mid,full,0.46497537619727564,0.07210313940326578,,,,0.14691795739247754,1131.1462377175937,0.5123167757235074
img_11_bw,img_11_noise_mid,fast,0.3354789690739853,437.62023398645977,,,,0.4526501731417983,14.500858698217087,0.24474346047466594
img_11_bw,img_11_noise_high,full,0.30405471227913267,0.05816173914891304,,,,0.061259628606782135,463.12812247142153,0.3373937351170938
img_11_bw,img_11_noise_high,fast,0.3317520393101136,428.76401955658923,,,,0.46094256135110745,15.078517138475133,0.2292626795884478
img_11_noise_low,img_11_noise_low,full,1.0000000000000957,0.12574352105331224,,,,1.0000000000000038,13344.90495974687,0.9999999999999998
img_11_noise_low,img_11_noise_low,fast,1.0,1345.9219099714248,,,,1.0000000000000002,41.32223627944465,0.9999999999999999
img_11_noise_low,img_11_noise_mid,full,0.40330212105930485,0.06720927715739927,,,,0.12254268895013631,895.405389153529,0.44814106067927495
img_11_noise_low,img_11_noise_mid,fast,0.8731898792165621,1241.575989802485,,,,0.9304025418033771,34.826341744045905,0.8575918819483688
img_11_noise_low,img_11_noise_high,full,0.2620989454582408,0.05387973087212089,,,,0.05162414188104499,369.1167461938055,0.2940104114812651
img_11_noise_low,img_11_noise_high,fast,0.861109727654793,1213.0976058930482,,,,0.9224394957822024,35.3691884748581,0.8388418957975092
img_11_noise_mid,img_11_noise_mid,full,0.9999999999999308,0.2208573310904951,,,,1.0000000000000038,13344.90495974687,1.0
img_11_noise_mid,img_11_noise_mid,fast,1.0,1502.1363689201087,,,,1.0000000000000002,41.36173880985892,1.0
img_11_noise_mid,img_11_noise_high,full,0.1506148318734636,0.04103372908054351,,,,0.016685736485782268,125.26234583134197,0.1700564893657265
img_11_noise_mid,img_11_noise_high,fast,0.9980348199305583,1485.3462113646426,,,,0.9998238825988727,39.817316987520954,0.9978295533298815
img_11_noise_high,img_11_noise_high,full,1.000000000000173,0.33607381123565827,,,,1.0000000000000038,13344.90495974687,1.0
img_11_noise_high,img_11_noise_high,fast,1.0,1474.5334791724051,,,,1.0000000000000002,41.342847220972786,1.0
img_12_bw,img_12_bw,full,1.0002548272704175,0.12770879500310223,,,,0.9999999984884314,13345.587251882622,1.0
img_12_bw,img_12_bw,fast,1.0,934.1255881600109,,,,1.0000000000000002,41.31728798324859,0.9999999999999999
img_12_bw,img_12_noise_low,full,0.8678504880686402,0.1168215334706649,,,,0.5153275710759285,4996.799904728894,0.9003698397855026
img_12_bw,img_12_noise_low,fast,0.843090682696633,910.9477429196018,,,,0.6083463845031669,21.637448434816683,0.840033856664601
img_12_bw,img_12_noise_mid,full,0.5204919542676577,0.08913861302000246,,,,0.1754457918506454,1409.641280775466,0.5667639760134211
img_12_bw,img_12_noise_mid,fast,0.6235210125263542,730.8694386008993,,,,0.44505277082601813,15.724095763153208,0.6126050003959568
img_12_bw,img_12_noise_high,full,0.34961376923606263,0.07307753420153278,,,,0.07825275050032784,606.7127083875005,0.38544467001701876
img_12_bw,img_12_noise_high,fast,0.3979979019590212,468.2072965446655,,,,0.35409076472639894,11.048151931530722,0.32771427037355716
img_12_noise_low,img_12_noise_low,full,0.9999999999999969,0.14192072800434405,,,,1.0000000000000038,13344.90495974687,0.9999999999999998
img_12_noise_low,img_12_noise_low,fast,1.0,1249.778588494484,,,,1.0000000000000002,41.321874496499355,1.0
img_12_noise_low,img_12_noise_mid,full,0.4649060337522949,0.08394307493759622,,,,0.1488509504292586,1147.7159703306895,0.5099450875845226
img_12_noise_low,img_12_noise_mid,fast,0.8211547545958965,1113.3395214186598,,,,0.9388575093412463,35.04815587806776,0.8067771916290105
img_12_noise_low,img_12_noise_high,full,0.31289121192999897,0.0689535390409103,,,,0.06788052249673396,504.5881078083223,0.3465936232303616
img_12_noise_low,img_12_noise_high,fast,0.5939959077050289,808.2668242847789,,,,0.7508868513363839,26.920246941887807,0.507254978610899
img_12_noise_mid,img_12_noise_mid,full,1.0000000000000258,0.22971722015453797,,,,1.0000000000000038,13344.90495974687,0.9999999999999998
img_12_noise_mid,img_12_noise_mid,fast,1.0,1470.8627459039305,,,,1.0000000000000002,41.342254902120374,0.9999999999999999
img_12_noise_mid,img_12_noise_high,full,0.1941550062450859,0.05443593038148176,,,,0.02776505217095932,209.71609631015363,0.2165741536527532
img_12_noise_mid,img_12_noise_high,fast,0.8903991724464071,1314.394043208714,,,,0.8134297958931729,30.631631492963372,0.8881096496189509
img_12_noise_high,img_12_noise_high,full,0.9999999999999213,0.34220043821893825,,,,1.0000000000000038,13344.90495974687,1.0
img_12_noise_high,img_12_noise_high,fast,1.0,1481.5268299221966,,,,1.0000000000000002,41.332493210526366,0.9999999999999999
img_13_bw,img_13_bw,full,1.0013020048686527,0.12856238506311757,,,,0.9999999819480409,13345.971901318178,0.9999999999999996
img_13_bw,img_13_bw,fast,1.0,875.295085453284,,,,1.0000000000000002,41.31934775047037,1.0
img_13_bw,img_13_noise_low,full,0.8615647890246994,0.11555461520031679,,,,0.5588498235464121,5038.06864968128,0.882532929573104
img_13_bw,img_13_noise_low,fast,0.6603659579800855,723.5422554591669,,,,0.6551398911427889,21.877545923580715,0.6330882991627805
img_13_bw,img_13_noise_mid,full,0.49387389111657193,0.08391240093753617,,,,0.15836666584625878,1237.6233203005154,0.530695902856806
img_13_bw,img_13_noise_mid,fast,0.5185384825102622,586.6518488251684,,,,0.5119678283496322,17.161832043531525,0.4660966964593
img_13_bw,img_13_noise_high,full,0.32275919368947437,0.06733003789984483,,,,0.06712097384908608,508.11406794301917,0.35238190264959746
img_13_bw,img_13_noise_high,fast,0.4287844037393427,490.1916686801737,,,,0.40106939395077884,13.600184782686359,0.34105623393513146
img_13_noise_low,img_13_noise_low,full,0.9999999999998168,0.1401037865737109,,,,1.0000000000000038,13344.90495974687,0.9999999999999996
img_13_noise_low,img_13_noise_low,fast,1.0,1371.5257137703798,,,,1.0000000000000002,41.345580061461575,1.0
img_13_noise_low,img_13_noise_mid,full,0.4372218071877246,0.0776001237680085,,,,0.1258563394995888,951.6110938551598,0.4676794036011932
img_13_noise_low,img_13_noise_mid,fast,0.8800430041291972,1246.3157355250835,,,,0.8292529655308425,31.580397173746775,0.8713669752457265
img_13_noise_low,img_13_noise_high,full,0.28709022358165676,0.06256034853917532,,,,0.054783692460523566,401.23244032343547,0.3114285190249643
img_13_noise_low,img_13_noise_high,fast,0.7331717470802318,1049.1978658280161,,,,0.6900500356897219,25.481884410176527,0.703794811754729
img_13_noise_mid,img_13_noise_mid,full,0.9999999999999813,0.22483883419684933,,,,1.0000000000000038,13344.90495974687,1.0
img_13_noise_mid,img_13_noise_mid,fast,1.0,1462.3267096990676,,,,1.0000000000000002,41.34184946260806,0.9999999999999999
img_13_noise_mid,img_13_noise_high,full,0.17040232312226258,0.04703996535744882,,,,0.01983073207898859,147.02895131365975,0.1873097207807129
img_13_noise_mid,img_13_noise_high,fast,0.9419732935393317,1391.90789013583,,,,0.8439618721350997,32.4001809439033,0.9442622727831512
img_13_noise_high,img_13_noise_high,full,0.9999999999999676,0.3389312701358056,,,,1.0000000000000038,13344.90495974687,0.9999999999999998
img_13_noise_high,img_13_noise_high,fast,1.0,1493.1361175670156,,,,1.0000000000000002,41.33486671644578,1.0
img_14_bw,img_14_bw,full,0.9999093124612579,0.2522785280452393,,,,0.9999999999470165,13346.36914918036,0.9999999999999997
img_14_bw,img_14_bw,fast,1.0,973.775915814976,,,,1.0000000000000002,41.32019728771511,1.0
img_14_bw,img_14_noise_low,full,0.9589254931634218,0.23958158410740002,,,,0.8280893792573574,6787.276346193545,0.9549868159649221
img_14_bw,img_14_noise_low,fast,0.25942197396153566,259.17141038123737,,,,0.3526744892556175,9.086525414513575,0.10703475630255818
img_14_bw,img_14_noise_mid,full,0.7271195556797703,0.19616447687753086,,,,0.4455546274947122,2972.431308390713,0.73262662720681
img_14_bw,img_14_noise_mid,fast,0.46287472820141,519.7561264605235,,,,0.30004102678861144,10.846836408160474,-0.41969514245760065
img_14_bw,img_14_noise_high,full,0.5242319565724549,0.1623348691111889,,,,0.21905567998614822,1395.1383824379425,0.5419928990673816
img_14_bw,img_14_noise_high,fast,0.4251806397547841,499.94820338775014,,,,0.28326763703726693,9.607540912522293,-0.3898735997084387
img_14_noise_low,img_14_noise_low,full,1.0000000000001286,0.24741011997733456,,,,1.0000000000000038,13344.90495974687,0.9999999999999998
img_14_noise_low,img_14_noise_low,fast,1.0,1024.9475366775987,,,,1.0000000000000002,41.32305657871886,1.0
img_14_noise_low,img_14_noise_mid,full,0.7015039351130025,0.18741033772471047,,,,0.4329826030380332,2776.174143056917,0.699975843819338
img_14_noise_low,img_14_noise_mid,fast,0.5130842327593357,591.079802373133,,,,0.850305329472423,30.143390027968554,0.4617710804596129
img_14_noise_low,img_14_noise_high,full,0.506733267264717,0.15538769799519392,,,,0.21415336009066582,1323.301070665971,0.5181101919361439
img_14_noise_low,img_14_noise_high,fast,0.45046377435456875,543.4163559646511,,,,0.7982076113754775,27.162390832987104,0.37118258125761644
img_14_noise_mid,img_14_noise_mid,full,0.9999999999999419,0.28847581139920825,,,,1.0000000000000038,13344.90495974687,0.9999999999999998
img_14_noise_mid,img_14_noise_mid,fast,1.0,1294.8315268786628,,,,1.0000000000000002,41.32350529322803,1.0
img_14_noise_mid,img_14_noise_high,full,0.3893277019237502,0.12891352803599815,,,,0.11487302562727184,787.1689329323256,0.3991960550070809
img_14_noise_mid,img_14_noise_high,fast,0.9856419071653905,1336.4349032017453,,,,0.9149227501195012,36.2753711862033,0.9857723927782893
img_14_noise_high,img_14_noise_high,full,0.9999999999999738,0.3800642076674005,,,,1.0000000000000038,13344.90495974687,1.0
img_14_noise_high,img_14_noise_high,fast,1.0,1419.8551234808986,,,,1.0000000000000002,41.332791767876266,1.0
img_15_bw,img_15_bw,full,1.0008742680838247,0.10523547922065052,,,,0.9999999925354743,13346.579170659825,1.0
img_15_bw,img_15_bw,fast,1.0,1136.2779872694866,,,,1.0000000000000002,41.325805266429704,1.0
img_15_bw,img_15_noise_low,full,0.8173436247871831,0.09259294943989128,,,,0.4607649362429622,4354.2887924239385,0.8608199468533619
img_15_bw,img_15_noise_low,fast,0.7968313763324036,1011.9378277259497,,,,0.740664237955751,24.740182504712212,0.7863609486183185
img_15_bw,img_15_noise_mid,full,0.43996335719424573,0.06655885483152554,,,,0.12002598729771054,993.4768020502518,0.4901535188128313
img_15_bw,img_15_noise_mid,fast,0.6452227926297789,850.117000506672,,,,0.5894148077893578,20.099270286454907,0.6506141883071815
img_15_bw,img_15_noise_high,full,0.2839027510287485,0.0532686654050521,,,,0.04995879249025666,400.95304697238,0.31890697792206124
img_15_bw,img_15_noise_high,fast,0.5124788382251163,655.2251910468821,,,,0.556352033993039,18.45804207203674,0.5115073655823114
img_15_noise_low,img_15_noise_low,full,1.0000000000000209,0.12205731673049505,,,,1.0000000000000038,13344.90495974687,1.0
img_15_noise_low,img_15_noise_low,fast,1.0,1419.3523293909916,,,,1.0000000000000002,41.3396130868425,1.0
img_15_noise_low,img_15_noise_mid,full,0.37717304640286203,0.0614781178288902,,,,0.08999920886280803,733.7709534331503,0.4228228578035471
img_15_noise_low,img_15_noise_mid,fast,0.7964553749122164,1172.8251190339383,,,,0.8079013850923875,29.69261051010202,0.7967080806201394
img_15_noise_low,img_15_noise_high,full,0.24286054840257804,0.0490964132913006,,,,0.037835579723907255,301.19295630998766,0.2743700993244863
img_15_noise_low,img_15_noise_high,fast,0.6598444003112206,942.8855835926415,,,,0.7016843413786278,25.565622109916553,0.6365755182886953
img_15_noise_mid,img_15_noise_mid,full,0.9999999999999882,0.21766871253264705,,,,1.0000000000000038,13344.90495974687,1.0
img_15_noise_mid,img_15_noise_mid,fast,1.0,1527.753924652275,,,,1.0000000000000002,41.37162382486741,1.0
img_15_noise_mid,img_15_noise_high,full,0.13858501727634948,0.03741322710437847,,,,0.013938341226260462,105.27587570783209,0.15647775520509646
img_15_noise_mid,img_15_noise_high,fast,0.9539281607474287,1414.2126785592905,,,,0.8914179285115577,33.94767042020097,0.9559230414361057
img_15_noise_high,img_15_noise_high,full,0.999999999999994,0.3348280019600438,,,,1.0000000000000038,13344.90495974687,1.0
img_15_noise_high,img_15_noise_high,fast,1.0,1438.6154012239729,,,,1.0000000000000002,41.33615171933865,1.0
img_16_bw,img_16_bw,full,0.9995479005634057,0.13295642414213532,,,,0.9999999993281916,13347.229682659907,1.0
img_16_bw,img_16_bw,fast,1.0,951.3200301303318,,,,1.0000000000000002,41.31823314178462,0.9999999999999999
img_16_bw,img_16_noise_low,full,0.8666900849267573,0.11942906823560019,,,,0.5704869998382374,5132.8575893782845,0.8856700668730275
img_16_bw,img_16_noise_low,fast,0.5655391024071603,644.5702273123469,,,,0.512688823908896,17.365805540064954,0.3301731295170276
img_16_bw,img_16_noise_mid,full,0.5021834679260468,0.08709019264746456,,,,0.16503284520460595,1278.250778365485,0.5361554701208842
img_16_bw,img_16_noise_mid,fast,0.40734267467061,479.2214157281167,,,,0.407327194455401,13.632104654012775,0.1563916562923274
img_16_bw,img_16_noise_high,full,0.32836041064078847,0.06973831859930453,,,,0.06913837533980688,523.8916067465613,0.3563483811142938
img_16_bw,img_16_noise_high,fast,0.36154189936094955,428.3199087777259,,,,0.38830227872712036,12.527430006764611,0.09498117942649915
img_16_noise_low,img_16_noise_low,full,0.9999999999999346,0.14275348413333092,,,,1.0000000000000038,13344.90495974687,0.9999999999999999
img_16_noise_low,img_16_noise_low,fast,1.0,1365.4901314402919,,,,1.0000000000000002,41.331046305114974,1.0
img_16_noise_low,img_16_noise_mid,full,0.4453369066306748,0.08000848165919763,,,,0.13018523698211218,987.9031602367581,0.47359369306247606
img_16_noise_low,img_16_noise_mid,fast,0.8582651575772031,1209.702983210631,,,,0.8222425495801609,31.142761153155476,0.8506868646042915
img_16_noise_low,img_16_noise_high,full,0.29273114328496125,0.06440656120874858,,,,0.05617820134515672,415.6014207359615,0.31550492020727733
img_16_noise_low,img_16_noise_high,fast,0.7727921132114862,1096.8652297401457,,,,0.7457818475686963,27.855124142004563,0.7531980989063158
img_16_noise_mid,img_16_noise_mid,full,1.0000000000000124,0.2261038537391807,,,,1.0000000000000038,13344.90495974687,1.0
img_16_noise_mid,img_16_noise_mid,fast,1.0,1454.8759784573122,,,,1.0000000000000002,41.32595079412833,1.0
img_16_noise_mid,img_16_noise_high,full,0.1727731456521646,0.04784075748379662,,,,0.02007244740399878,150.7478011424455,0.18936649735259337
img_16_noise_mid,img_16_noise_high,fast,0.9787491949675454,1433.9391100734326,,,,0.9177864892900104,35.55348315397402,0.9804083482173405
img_16_noise_high,img_16_noise_high,full,0.9999999999999846,0.3391061368616155,,,,1.0000000000000038,13344.90495974687,1.0
img_16_noise_high,img_16_noise_high,fast,1.0,1475.3416777858051,,,,1.0000000000000002,41.33025208921715,1.0
img_17_bw,img_17_bw,full,0.9993294141726515,0.08374893036792207,,,,0.9999999999999976,13345.60725981845,0.9999999999999999
img_17_bw,img_17_bw,fast,1.0,1239.7998819374843,,,,1.0000000000000002,41.309714875398925,1.0
img_17_bw,img_17_noise_low,full,0.7654294989969553,0.07228919061649679,,,,0.3678316210311887,3487.96983442877,0.8338579186377951
img_17_bw,img_17_noise_low,fast,0.5444945311121748,746.447919035772,,,,0.5836084826106392,19.710904584963117,0.45114957605257006
img_17_bw,img_17_noise_mid,full,0.3934041540456996,0.05232840943944902,,,,0.09579679158654894,801.6580169671784,0.450714259882443
img_17_bw,img_17_noise_mid,fast,0.29529928355403134,403.4642819218445,,,,0.5262589960482944,17.414960634149185,0.01880348812529539
img_17_bw,img_17_noise_high,full,0.25238193138677933,0.04200530506599298,,,,0.04081887522628304,327.47667024006927,0.2901839699589717
img_17_bw,img_17_noise_high,fast,0.3171926105904322,428.0321976442208,,,,0.537027861365979,15.665910882616616,-0.19856412245478577
img_17_noise_low,img_17_noise_low,full,1.000000000000115,0.10643040993784973,,,,1.0000000000000038,13344.90495974687,1.0
img_17_noise_low,img_17_noise_low,fast,1.0,1515.8645214075348,,,,1.0000000000000002,41.333194593405416,1.0
img_17_noise_low,img_17_noise_mid,full,0.3204378344349252,0.04803302619959594,,,,0.07127556677993685,581.1979601748733,0.3763837948566132
img_17_noise_low,img_17_noise_mid,fast,0.731177423064013,1104.6377275744176,,,,0.8258980853253978,31.50373192677329,0.6903232442386058
img_17_noise_low,img_17_noise_high,full,0.20458178622574363,0.03837164501375102,,,,0.030188913189639136,239.05733754406424,0.24079573967228166
img_17_noise_low,img_17_noise_high,fast,0.45627419360127885,680.8221594613127,,,,0.6635358408628114,23.86185035922637,0.32400070037801276
img_17_noise_mid,img_17_noise_mid,full,1.000000000000101,0.21111864373462844,,,,1.0000000000000038,13344.90495974687,1.0
img_17_noise_mid,img_17_noise_mid,fast,1.0,1505.6839097706707,,,,1.0000000000000002,41.33834376960223,1.0
img_17_noise_mid,img_17_noise_high,full,0.11295108985085026,0.029837628595834925,,,,0.011663586793713189,86.50803327781773,0.1311919814304996
img_17_noise_mid,img_17_noise_high,fast,0.8676958148173048,1290.363261966068,,,,0.7737223483253103,29.337515992812683,0.866010819856952
img_17_noise_high,img_17_noise_high,full,0.9999999999999547,0.3305378278997232,,,,1.0000000000000038,13344.90495974687,0.9999999999999999
img_17_noise_high,img_17_noise_high,fast,1.0,1468.7746374945361,,,,1.0000000000000002,41.34002758344206,1.0
img_18_bw,img_18_bw,full,1.0007463536702519,0.11599573430460358,,,,0.9999999547059651,13345.974845793702,1.0
img_18_bw,img_18_bw,fast,1.0,976.8714690808034,,,,1.0000000000000002,41.321828420151384,1.0
img_18_bw,img_18_noise_low,full,0.8431077704046612,0.10416212822788916,,,,0.4807124320336517,4684.795536550804,0.877734551309554
img_18_bw,img_18_noise_low,fast,0.8137137368195765,900.7047713664007,,,,0.5995558821728189,22.3383002430167,0.8203437315413293
img_18_bw,img_18_noise_mid,full,0.47803897380805327,0.0767639353468932,,,,0.14225174619725747,1167.9835548403466,0.5223788566565168
img_18_bw,img_18_noise_mid,fast,0.5921512514145809,713.1320825307168,,,,0.6271406556474906,21.087476628231624,0.6032670172082716
img_18_bw,img_18_noise_high,full,0.3125072849785928,0.06182432363159485,,,,0.05967532164085886,478.7560518219503,0.34510152295192753
img_18_bw,img_18_noise_high,fast,0.6734084280042814,814.3818601222015,,,,0.5457688706707293,19.698218786629948,0.6859233791316681
img_18_noise_low,img_18_noise_low,full,0.9999999999998163,0.13168475603985208,,,,1.0000000000000038,13344.90495974687,0.9999999999999998
img_18_noise_low,img_18_noise_low,fast,1.0,1254.2502775898192,,,,1.0000000000000002,41.32592462928257,1.0
img_18_noise_low,img_18_noise_mid,full,0.4170138211134192,0.07137615110172252,,,,0.1103515688903354,890.9378219397681,0.45750047489245027
img_18_noise_low,img_18_noise_mid,fast,0.8294189582224268,1131.839044775248,,,,0.8516749424556327,31.185694019599268,0.8217305170184342
img_18_noise_low,img_18_noise_high,full,0.27294968019638777,0.0575559953034705,,,,0.04703301451133349,373.1782089740557,0.3022678530976807
img_18_noise_low,img_18_noise_high,fast,0.8966067887784132,1228.6408676599851,,,,0.9700292494214552,36.55524673994136,0.8949092535863477
img_18_noise_mid,img_18_noise_mid,full,1.0000000000000406,0.2224691773936368,,,,1.0000000000000038,13344.90495974687,0.9999999999999998
img_18_noise_mid,img_18_noise_mid,fast,1.0,1484.6949166337397,,,,1.0000000000000002,41.3467431507579,1.0
img_18_noise_mid,img_18_noise_high,full,0.16107253363284485,0.04414653697325286,,,,0.018103863150256333,136.63275991677946,0.17906929303503646
img_18_noise_mid,img_18_noise_high,fast,0.9828530653563556,1465.3387636236837,,,,0.8909839978639333,34.49567869587375,0.9852987690380794
img_18_noise_high,img_18_noise_high,full,0.9999999999999659,0.3376606513254016,,,,1.0000000000000038,13344.90495974687,1.0
img_18_noise_high,img_18_noise_high,fast,1.0,1497.1374094208936,,,,1.0000000000000002,41.3527865905457,1.0
img_19_bw,img_19_bw,full,1.0004423955175452,0.28914031264231177,,,,0.9999999988056744,13286.625117078078,1.0
img_19_bw,img_19_bw,fast,1.0,1067.0218257906265,,,,1.0000000000000002,41.3221826008043,1.0
img_19_bw,img_19_noise_low,full,0.9680935503582632,0.2728676602695645,,,,0.9157775383907999,7108.646114566394,0.9599622498429561
img_19_bw,img_19_noise_low,fast,0.24164262609010842,250.57334763616655,,,,0.3057172294275397,8.517814020941621,-0.139823150467838
img_19_bw,img_19_noise_mid,full,0.7548499698472827,0.2232661658673931,,,,0.49772684393634664,3265.4463845664695,0.7519376377588631
img_19_bw,img_19_noise_mid,fast,0.22867677135861514,261.30288549179323,,,,0.2354041975131329,7.922856632452453,-0.14592055670516535
img_19_bw,img_19_noise_high,full,0.5522960168522674,0.18523145809473623,,,,0.24664778450739144,1558.9833080259286,0.565444251818779
img_19_bw,img_19_noise_high,fast,0.2532079617797226,313.1836358149625,,,,0.20300813582007352,6.2361596856705726,-0.1345612872559577
img_19_noise_low,img_19_noise_low,full,1.0000000000000293,0.2748861898402126,,,,1.0000000000000038,13344.90495974687,0.9999999999999999
img_19_noise_low,img_19_noise_low,fast,1.0,1007.7419872186755,,,,1.0000000000000002,41.31775966850801,1.0
img_19_noise_low,img_19_noise_mid,full,0.733051870626271,0.2114536373035538,,,,0.486196370667041,3099.3554891862227,0.7213992343202743
img_19_noise_low,img_19_noise_mid,fast,0.5459643530917848,606.2817100068422,,,,0.8262428422277317,29.575492622544825,0.28402143434396443
img_19_noise_low,img_19_noise_high,full,0.5366599309488032,0.17553357021039886,,,,0.24152011554989766,1492.914691183533,0.5421410303274767
img_19_noise_low,img_19_noise_high,fast,0.46578324299817886,559.8782415795341,,,,0.9024958401088126,33.08160934267785,0.12398546336704078
img_19_noise_mid,img_19_noise_mid,full,0.9999999999999902,0.3026969087211143,,,,1.0000000000000038,13344.90495974687,1.0
img_19_noise_mid,img_19_noise_mid,fast,1.0,1223.6888543396985,,,,1.0000000000000002,41.310873587757484,0.9999999999999999
img_19_noise_mid,img_19_noise_high,full,0.4221027637686115,0.14487943495271255,,,,0.13470292167855114,913.7679252813132,0.42580991984260463
img_19_noise_mid,img_19_noise_high,fast,0.9686264082108367,1283.0006023534058,,,,0.9237482004950768,36.30521720092641,0.963697318430983
img_19_noise_high,img_19_noise_high,full,0.9999999999999465,0.38919666460624414,,,,1.0000000000000038,13344.90495974687,0.9999999999999997
img_19_noise_high,img_19_noise_high,fast,1.0,1433.7390220000848,,,,1.0000000000000002,41.33251302320568,1.0
img_20_bw,img_20_bw,full,0.9997031046642754,0.1033413136023695,,,,0.9999999999813382,13346.501636867952,1.0
img_20_bw,img_20_bw,fast,1.0,1090.6203037344226,,,,1.0000000000000002,41.32098203700481,1.0
img_20_bw,img_20_noise_low,full,0.8142227948865238,0.09064395446000113,,,,0.515296059693618,4358.314625749538,0.8582471001956025
img_20_bw,img_20_noise_low,fast,0.7742469984066767,948.2360082453351,,,,0.6611655768223746,21.662399467289703,0.7623727300812042
img_20_bw,img_20_noise_mid,full,0.4313786407604078,0.06455002690719865,,,,0.1251496627506155,981.459213508778,0.4856498408381368
img_20_bw,img_20_noise_mid,fast,0.7046290210934676,906.7102010777621,,,,0.5781391335983301,19.836194524055045,0.6738140140082547
img_20_bw,img_20_noise_high,full,0.27615982632245784,0.05127441539214551,,,,0.050632231229226325,393.54586965897937,0.31433722420308197
img_20_bw,img_20_noise_high,fast,0.709560373403943,896.9069240644337,,,,0.44464579959586426,15.534077032055974,0.717521037068956
img_20_noise_low,img_20_noise_low,full,0.9999999999998735,0.11989145689223979,,,,1.0000000000000038,13344.90495974687,1.0
img_20_noise_low,img_20_noise_low,fast,1.0,1375.3088797708215,,,,1.0000000000000002,41.32491122065587,1.0
img_20_noise_low,img_20_noise_mid,full,0.3670962437470223,0.05915757745817557,,,,0.08922962736223795,722.6596483611221,0.4168533137400632
img_20_noise_low,img_20_noise_mid,fast,0.9850786820675016,1423.4500452474008,,,,0.9487167431908363,36.66622169153425,0.9812654942293004
img_20_noise_low,img_20_noise_high,full,0.23757325390073358,0.04750402545269668,,,,0.03746573429371785,299.4710607434784,0.2715300957140142
img_20_noise_low,img_20_noise_high,fast,0.9488847013015265,1346.8982915717424,,,,0.8714952601553955,34.22581957139333,0.962031758934802
img_20_noise_mid,img_20_noise_mid,full,1.0000000000000404,0.21660707761870146,,,,1.0000000000000038,13344.90495974687,1.0
img_20_noise_mid,img_20_noise_mid,fast,1.0,1518.2467940133938,,,,1.0000000000000002,41.351597865988,0.9999999999999999
img_20_noise_mid,img_20_noise_high,full,0.13061195822909635,0.03510411352632052,,,,0.012397723687945558,93.63157559861854,0.15006313575293787
img_20_noise_mid,img_20_noise_high,fast,0.9501310275662737,1417.0198073412892,,,,0.8651119822524351,32.96294747800016,0.9539049686932352
img_20_noise_high,img_20_noise_high,full,1.0000000000000129,0.3334859152286807,,,,1.0000000000000038,13344.90495974687,1.0
img_20_noise_high,img_20_noise_high,fast,1.0,1465.016337196639,,,,1.0000000000000002,41.33160011038846,0.9999999999999998
img_21_bw,img_21_bw,full,0.99987801924551,0.10199044556783732,,,,0.9999999998763721,13345.384175843146,1.0
img_21_bw,img_21_bw,fast,1.0,1138.9282751121193,,,,1.0000000000000002,41.31749441890989,1.0
img_21_bw,img_21_noise_low,full,0.8093108560977138,0.08914226976499122,,,,0.477888762546869,4216.983646963061,0.8495489935731321
img_21_bw,img_21_noise_low,fast,0.774604084253797,997.2695252927601,,,,0.745563429797819,25.356345534123527,0.7546084925534592
img_21_bw,img_21_noise_mid,full,0.42625493413594795,0.06313399191259775,,,,0.11833977682275068,927.1817138289358,0.471727758164322
img_21_bw,img_21_noise_mid,fast,0.7613400027586797,987.3645462293345,,,,0.7841100408614933,26.823777980975276,0.7109644644967198
img_21_bw,img_21_noise_high,full,0.27486080983091926,0.05061638178422051,,,,0.049008547421108016,377.4712108589681,0.30694634276631977
img_21_bw,img_21_noise_high,fast,0.7423782542906978,971.5954166256738,,,,0.7883286529420037,26.315757866932962,0.6823281184562863
img_21_noise_low,img_21_noise_low,full,1.0000000000000029,0.11893897076244822,,,,1.0000000000000038,13344.90495974687,1.0
img_21_noise_low,img_21_noise_low,fast,1.0,1455.3557161496697,,,,1.0000000000000002,41.329669122155565,1.0
img_21_noise_low,img_21_noise_mid,full,0.3596435468444908,0.057520407907712366,,,,0.084837392923595,659.2578855969696,0.40036623309038405
img_21_noise_low,img_21_noise_mid,fast,0.993332632781898,1456.229997459858,,,,0.9913533102170098,37.8629271137732,0.9915016377891624
img_21_noise_low,img_21_noise_high,full,0.23450340027418332,0.0466319174880281,,,,0.03602745056811823,276.63492295798636,0.26141758944441074
img_21_noise_low,img_21_noise_high,fast,0.985118360608585,1457.4209879563248,,,,0.9955927544527938,37.381314777864404,0.9822606890479599
img_21_noise_mid,img_21_noise_mid,full,1.0000000000001597,0.2150677017727783,,,,1.0000000000000038,13344.90495974687,1.0
img_21_noise_mid,img_21_noise_mid,fast,1.0,1476.7309730576894,,,,1.0000000000000002,41.33126779828507,1.0
img_21_noise_mid,img_21_noise_high,full,0.12816080634086294,0.03427006039639956,,,,0.012260841475755714,91.40589863571073,0.14432438663099068
img_21_noise_mid,img_21_noise_high,fast,0.9972450694331746,1486.1567474011224,,,,1.0000000000000002,39.55791623274399,0.9974427200252369
img_21_noise_high,img_21_noise_high,full,1.0000000000001015,0.3324635845673535,,,,1.0000000000000038,13344.90495974687,0.9999999999999998
img_21_noise_high,img_21_noise_high,fast,1.0,1503.9176483909669,,,,1.0000000000000002,41.36358826588475,0.9999999999999999
img_22_bw,img_22_bw,full,1.001720201692473,0.11593613806865967,,,,0.9999999974621341,13345.532004118351,0.9999999999999996
img_22_bw,img_22_bw,fast,1.0,1042.3663692883365,,,,1.0000000000000002,41.32368175171187,1.0
img_22_bw,img_22_noise_low,full,0.8483134498063044,0.10434686066678504,,,,0.5066425801958166,4586.175205908156,0.8778699227500671
img_22_bw,img_22_noise_low,fast,0.8500557544920856,988.4914419116179,,,,0.6782344193399406,24.881655110882487,0.8520235306169986
img_22_bw,img_22_noise_mid,full,0.4799390515914878,0.07691793030560284,,,,0.15502116660544157,1172.9812463865762,0.5197397589567078
img_22_bw,img_22_noise_mid,fast,0.5162795267123415,650.7631067827924,,,,0.660362325405622,22.541302590644147,0.4440895199479685
img_22_bw,img_22_noise_high,full,0.31456683264278285,0.062142832564918524,,,,0.06607214120682027,484.5358504894428,0.34383778122227593
img_22_bw,img_22_noise_high,fast,0.6565254451297683,835.7289930454198,,,,0.6020444301964303,20.452486609331142,0.6122512867117869
img_22_noise_low,img_22_noise_low,full,1.000000000000112,0.13072952179799646,,,,1.0000000000000038,13344.90495974687,1.0
img_22_noise_low,img_22_noise_low,fast,1.0,1297.2707111941986,,,,1.0000000000000002,41.313777267148396,1.0
img_22_noise_low,img_22_noise_mid,full,0.42063398195728746,0.07164674980952007,,,,0.1296471685475618,933.0262302167921,0.457209792202812
img_22_noise_low,img_22_noise_mid,fast,0.7752643935967917,1090.1668448795604,,,,0.873738664703877,32.89078339831085,0.7271088615535353
img_22_noise_low,img_22_noise_high,full,0.2755911358356683,0.0578620742246777,,,,0.0555594069382338,392.19435164242884,0.30240374200442643
img_22_noise_low,img_22_noise_high,fast,0.8817842491418171,1252.2220709602955,,,,0.9971803988942637,36.50640941101654,0.8624265489911476
img_22_noise_mid,img_22_noise_mid,full,0.999999999999911,0.22192723607580975,,,,1.0000000000000038,13344.90495974687,0.9999999999999998
img_22_noise_mid,img_22_noise_mid,fast,1.0,1524.2480575022776,,,,1.0000000000000002,41.374282548817305,0.9999999999999999
img_22_noise_mid,img_22_noise_high,full,0.16113556748632338,0.0440797002089828,,,,0.019530019524283983,145.14309712000616,0.1793767699431263
img_22_noise_mid,img_22_noise_high,fast,0.9567421261251974,1472.7411867451835,,,,0.8472545056025954,32.03899548810711,0.9616635026425917
img_22_noise_high,img_22_noise_high,full,1.0000000000000258,0.3371971024955882,,,,1.0000000000000038,13344.90495974687,1.0
img_22_noise_high,img_22_noise_high,fast,1.0,1554.559758450361,,,,1.0000000000000002,41.36293204623508,0.9999999999999999
img_23_bw,img_23_bw,full,1.0017233018724556,0.12748296532825582,,,,0.9999999938011275,13345.678357617373,0.9999999999999991
img_23_bw,img_23_bw,fast,1.0,1053.5630333750892,,,,1.0000000000000002,41.31934775047037,0.9999999999999998
img_23_bw,img_23_noise_low,full,0.8668321793789704,0.1157158892716631,,,,0.49169392394384526,4842.043147800029,0.9027271225554346
img_23_bw,img_23_noise_low,fast,0.6508939038872009,771.8490177465529,,,,0.49378612897083457,16.848814319198922,0.4709754165613234
img_23_bw,img_23_noise_mid,full,0.5228767426925072,0.08936234615857691,,,,0.1702461978508235,1426.0021351620505,0.5736115027307509
img_23_bw,img_23_noise_mid,fast,0.47742907982124516,591.8730244483538,,,,0.31244806066893244,11.458366318525657,0.28854486387293066
img_23_bw,img_23_noise_high,full,0.3495250274065801,0.07305995424405796,,,,0.07549027230094849,609.0538712211819,0.38681956851573757
img_23_bw,img_23_noise_high,fast,0.2827954476992081,354.98640702095787,,,,0.28272949470766945,8.565351694403628,0.08692431632383049
img_23_noise_low,img_23_noise_low,full,1.0000000000000686,0.1400269287686192,,,,1.0000000000000038,13344.90495974687,0.9999999999999997
img_23_noise_low,img_23_noise_low,fast,1.0,1334.700365724063,,,,1.0000000000000002,41.31990279604081,0.9999999999999999
img_23_noise_low,img_23_noise_mid,full,0.46763906517055764,0.08383388885582116,,,,0.15238319251673682,1197.5665243757242,0.5182565183324959
img_23_noise_low,img_23_noise_mid,fast,0.8319355444025468,1160.8363163364188,,,,0.8918714487685275,32.77058383239137,0.8288311925293865
img_23_noise_low,img_23_noise_high,full,0.31370854579418195,0.06878299123369842,,,,0.06850276382592287,520.3853902868101,0.3494024336426844
img_23_noise_low,img_23_noise_high,fast,0.56471076321371,797.8605692334944,,,,0.8218567834104601,28.630522616050285,0.50105203977473
img_23_noise_mid,img_23_noise_mid,full,1.0000000000000127,0.2295123682086566,,,,1.0000000000000038,13344.90495974687,1.0
img_23_noise_mid,img_23_noise_mid,fast,1.0,1458.7431627856893,,,,1.0000000000000002,41.33952684050874,1.0
img_23_noise_mid,img_23_noise_high,full,0.1964979200054432,0.05515818052631393,,,,0.03067474525031855,229.75257629993058,0.2222608068704105
img_23_noise_mid,img_23_noise_high,fast,0.8808483209678565,1301.0668003869787,,,,0.8209364532368557,30.930281257770073,0.8782827818506758
img_23_noise_high,img_23_noise_high,full,1.0000000000000475,0.34331901227259404,,,,1.0000000000000038,13344.90495974687,0.9999999999999999
img_23_noise_high,img_23_noise_high,fast,1.0,1495.6090859276771,,,,1.0000000000000002,41.350429470822206,1.0
