img_a,img_b,method,dcor,dcov,mic_e,tic_e,pearson,img
img_0_bw,img_0_bw,full,0.9990037415738382,0.1098399297242806,0.9999999932711467,13346.41831174982,0.9999999999999996,0
img_0_bw,img_0_bw,hist,1.0,1118.0692476619497,1.0000000000000002,41.33546405684484,1.0,0
img_0_bw,img_0_noise_low,full,0.8218022202145648,0.0952730649063246,0.5179506502406788,4332.547017340955,0.8439597367869724,0
img_0_bw,img_0_noise_low,hist,0.8163679071569886,1037.2143046359697,0.8204402511423331,28.457144951679155,0.7361936034368857,0
img_0_bw,img_0_noise_mid,full,0.4292429850003177,0.0661073356465778,0.1240304883125602,917.8536543903954,0.4630450966356259,0
img_0_bw,img_0_noise_mid,hist,0.7643132136539392,974.257356664029,0.7236215127630469,24.999536333106708,0.6830370943961968,0
img_0_bw,img_0_noise_high,full,0.2707757606376897,0.0517403936314308,0.0500633010143898,361.2987102901008,0.2981935043424364,0
img_0_bw,img_0_noise_high,hist,0.7701608593032885,994.8104447241634,0.8027799367324459,28.559666106566745,0.6752813601723264,0
img_0_noise_low,img_0_noise_low,full,1.0000000000002331,0.1222397691571714,1.0000000000000038,13344.90495974687,0.9999999999999998,0
img_0_noise_low,img_0_noise_low,hist,1.0,1443.7647889881955,1.0000000000000002,41.33030079569897,0.9999999999999998,0
img_0_noise_low,img_0_noise_mid,full,0.3647453792724292,0.0592305739712386,0.0898408316056699,649.8370513827329,0.3904840992009656,0
img_0_noise_low,img_0_noise_mid,hist,0.9800072914729788,1419.5330380106077,0.8976741795845459,35.2075116206174,0.9802883968725338,0
img_0_noise_low,img_0_noise_high,full,0.2320923308132268,0.0467617147886399,0.0371064424163251,263.2545467085688,0.2525523874269539,0
img_0_noise_low,img_0_noise_high,hist,0.9877087437324856,1449.7785273271568,0.9834950677145502,39.57208638158995,0.9826205928564332,0
img_0_noise_mid,img_0_noise_mid,full,1.0000000000002054,0.2157246453353246,1.0000000000000038,13344.90495974687,0.9999999999999998,0
img_0_noise_mid,img_0_noise_mid,hist,1.0,1453.2353367280857,1.0000000000000002,41.34396622613948,1.0,0
img_0_noise_mid,img_0_noise_high,full,0.1261078650930042,0.0337532373600099,0.0117573376819753,84.72153438400179,0.1391601155770954,0
img_0_noise_mid,img_0_noise_high,hist,0.980090656183389,1443.307157685947,0.9131679843335894,35.22336796209789,0.9823490940495592,0
img_0_noise_high,img_0_noise_high,full,1.0000000000000846,0.3320830860616797,1.0000000000000038,13344.90495974687,1.0,0
img_0_noise_high,img_0_noise_high,hist,1.0,1492.275756759185,1.0000000000000002,41.3371115867404,1.0,0
img_1_bw,img_1_bw,full,1.0066530952948782,0.0320640836381648,0.9999999995231512,13350.63235050213,0.9999999999999996,1
img_1_bw,img_1_bw,hist,1.0,1565.66395046679,1.0000000000000002,41.33703440906204,1.0,1
img_1_bw,img_1_noise_low,full,0.482108460750788,0.0235216551619674,0.1266729083143352,1258.08818168343,0.6268700870865889,1
img_1_bw,img_1_noise_low,hist,0.462723926197128,764.7521536749813,0.4590321851741945,15.347393588642738,0.2629404621675488,1
img_1_bw,img_1_noise_mid,full,0.2083838277891481,0.0164650888266692,0.0284502006384412,237.7962027456072,0.2587438891193558,1
img_1_bw,img_1_noise_mid,hist,0.2445297565222161,375.6863181134606,0.4099932377516912,12.858787239039955,0.0395802533542112,1
img_1_bw,img_1_noise_high,full,0.1371254894971901,0.0138565485616449,0.0130352732448264,96.75438296665352,0.1590525306589533,1
img_1_bw,img_1_noise_high,hist,0.2554392650996107,386.5785866598695,0.4205308579585147,13.342989655540654,0.0559802210491579,1
img_1_noise_low,img_1_noise_low,full,0.9999999999999372,0.0747321112503059,1.0000000000000038,13344.90495974687,1.0,1
img_1_noise_low,img_1_noise_low,hist,1.0,1744.612391608268,1.0000000000000002,41.3344951626068,1.0,1
img_1_noise_low,img_1_noise_mid,full,0.1152609126636041,0.0139497442966381,0.0187590585378299,141.78723416050593,0.1624303368827016,1
img_1_noise_low,img_1_noise_mid,hist,0.7570176475014742,1227.721518501746,0.8940631275435156,32.96756981422682,0.7385745395177593,1
img_1_noise_low,img_1_noise_high,full,0.0727589548539694,0.0112617907941461,0.0083505427121612,60.941131838417135,0.1009914817724473,1
img_1_noise_low,img_1_noise_high,hist,0.7569666219810501,1209.280551334438,0.901249140113912,32.962658252720104,0.7394038985121958,1
img_1_noise_mid,img_1_noise_mid,full,0.9999999999999828,0.1960022848124685,1.0000000000000038,13344.90495974687,1.0,1
img_1_noise_mid,img_1_noise_mid,hist,1.0,1507.609186801075,1.0000000000000002,41.335823325381206,1.0,1
img_1_noise_mid,img_1_noise_high,full,0.0343110986017113,0.0086006756225093,0.0034341276347552,19.81656778216213,0.0420707572114069,1
img_1_noise_mid,img_1_noise_high,hist,0.9989707601184878,1483.5357832839218,0.9999559719934968,40.44219223772124,0.9987511957357704,1
img_1_noise_high,img_1_noise_high,full,1.0000000000001217,0.3205787676303496,1.0000000000000038,13344.90495974687,0.9999999999999998,1
img_1_noise_high,img_1_noise_high,hist,1.0,1462.856493110275,1.0000000000000002,41.34079549835391,1.0,1
img_2_bw,img_2_bw,full,1.0032396994777268,0.0980865120578199,0.9999999873849528,13347.779225408536,0.9999999999999992,2
img_2_bw,img_2_bw,hist,1.0,1147.8452454386363,1.0000000000000002,41.31749441890989,1.0,2
img_2_bw,img_2_noise_low,full,0.7960858981939534,0.0846282256138939,0.4371824001251413,4017.409961468957,0.8399402983383524,2
img_2_bw,img_2_noise_low,hist,0.7757667739128664,986.6151828855212,0.6754635447491655,25.01234841924046,0.7180082886605843,2
img_2_bw,img_2_noise_mid,full,0.4123249138420162,0.0595789266456994,0.1048556186035125,861.1330696381197,0.4578339248846731,2
img_2_bw,img_2_noise_mid,hist,0.7100518034115758,924.7858169715018,0.638776822768804,23.269936418665,0.6229690403145067,2
img_2_bw,img_2_noise_high,full,0.2641226155882758,0.0475386177814647,0.0434061357549708,344.949885557081,0.2953041960016873,2
img_2_bw,img_2_noise_high,hist,0.5975268685192974,764.9737407962541,0.5128528537943867,18.903961432173496,0.4946957349468557,2
img_2_noise_low,img_2_noise_low,full,0.9999999999998768,0.1155862107610024,1.0000000000000038,13344.90495974687,1.0,2
img_2_noise_low,img_2_noise_low,hist,1.0,1409.1262317692135,1.0000000000000002,41.31647271907814,1.0,2
img_2_noise_low,img_2_noise_mid,full,0.3438820934217612,0.0540273146574084,0.0738940872773456,600.0027700359483,0.3848830442678865,2
img_2_noise_low,img_2_noise_mid,hist,0.946514165427785,1365.876785177962,0.9676615524396944,36.83918437551366,0.9478235016168368,2
img_2_noise_low,img_2_noise_high,full,0.2198560471056191,0.0430259133626423,0.0313714857611748,244.8739873658347,0.2472893633445506,2
img_2_noise_low,img_2_noise_high,hist,0.8245121099921366,1169.5516540585736,0.8110410637207217,30.38738435167664,0.8180262753998717,2
img_2_noise_mid,img_2_noise_mid,full,1.000000000000009,0.2135510022096413,1.0000000000000038,13344.90495974687,1.0,2
img_2_noise_mid,img_2_noise_mid,hist,1.0,1477.811057758163,1.0000000000000002,41.35101122265313,0.9999999999999998,2
img_2_noise_mid,img_2_noise_high,full,0.1214135615043982,0.0322965903902479,0.011182477518441,82.55383143363198,0.1360592591214214,2
img_2_noise_mid,img_2_noise_high,hist,0.9455411382589076,1373.527324636613,0.8554503493259508,32.785087208597126,0.9483684959015712,2
img_2_noise_high,img_2_noise_high,full,0.9999999999999818,0.3313426486617056,1.0000000000000038,13344.90495974687,0.9999999999999998,2
img_2_noise_high,img_2_noise_high,hist,1.0,1427.8902821261015,1.0000000000000002,41.32988582463672,1.0,2
img_3_bw,img_3_bw,full,1.0035096218944306,0.0978366858387551,0.9999999999999994,13345.777306203729,1.0,3
img_3_bw,img_3_bw,hist,1.0,1205.149701659259,1.0000000000000002,41.31581828093452,1.0,3
img_3_bw,img_3_noise_low,full,0.7946977933072183,0.0838144223907467,0.4592801208295852,3948.0142268194095,0.830281059202683,3
img_3_bw,img_3_noise_low,hist,0.7360566088971827,979.4504161768808,0.7064701867164938,24.953567281796133,0.6612231593528948,3
img_3_bw,img_3_noise_mid,full,0.4036214380168244,0.0579754489039648,0.1054406606150632,816.1025033112477,0.4439288137206039,3
img_3_bw,img_3_noise_mid,hist,0.5574715623783587,752.532462990738,0.580474780366317,20.14981604525241,0.4419500074451542,3
img_3_bw,img_3_noise_high,full,0.2548421883778214,0.045701432076511,0.0424063069512492,320.5058289581642,0.2826509791112707,3
img_3_bw,img_3_noise_high,hist,0.4848259704264954,644.4446972915081,0.4989359487364102,16.660623188745532,0.3544447259098047,3
img_3_noise_low,img_3_noise_low,full,0.9999999999999178,0.1140915044202591,1.0000000000000038,13344.90495974687,1.0,3
img_3_noise_low,img_3_noise_low,hist,1.0,1469.2695551570168,1.0000000000000002,41.332763368039146,1.0,3
img_3_noise_low,img_3_noise_mid,full,0.3355914965142774,0.0521455677084521,0.0734197330948583,561.7758318308668,0.3697503127875305,3
img_3_noise_low,img_3_noise_mid,hist,0.8763421937528858,1306.1903914951054,0.8341456843942353,32.27807650143119,0.8661774633869312,3
img_3_noise_low,img_3_noise_high,full,0.2112214104368092,0.0409763224909985,0.030076489158981,224.60286491427243,0.2339872953726683,3
img_3_noise_low,img_3_noise_high,hist,0.7889540475434351,1157.9284610026675,0.7547255921408952,28.37393450520732,0.7673281527807811,3
img_3_noise_mid,img_3_noise_mid,full,0.9999999999999246,0.2116214070091425,1.0000000000000038,13344.90495974687,1.0,3
img_3_noise_mid,img_3_noise_mid,hist,1.0,1512.0426621966394,1.0000000000000002,41.36411762687269,1.0,3
img_3_noise_mid,img_3_noise_high,full,0.1112180002848619,0.0293848358038266,0.0097993973911577,70.69635438519789,0.1247909291837309,3
img_3_noise_mid,img_3_noise_high,hist,0.975694160169922,1452.6968954016622,0.9019430369309818,34.9636817101328,0.9776521827550811,3
img_3_noise_high,img_3_noise_high,full,1.0000000000000129,0.3298654080205672,1.0000000000000038,13344.90495974687,1.0,3
img_3_noise_high,img_3_noise_high,hist,1.0,1466.083009172276,1.0000000000000002,41.35089360861839,1.0,3
img_4_bw,img_4_bw,full,0.9983568137639424,0.1147294367896692,0.9999999999999976,13345.804964770929,1.0,4
img_4_bw,img_4_bw,hist,1.0,1016.8710331594734,1.0000000000000002,41.31934775047037,0.9999999999999998,4
img_4_bw,img_4_noise_low,full,0.8420805872495092,0.1032859369733146,0.4791382482578162,4648.757761592376,0.8846526174664653,4
img_4_bw,img_4_noise_low,hist,0.5717386460224321,674.8635652359106,0.4128682915103582,14.54656366504872,0.5734459989751712,4
img_4_bw,img_4_noise_mid,full,0.4804952669770964,0.0769703358753611,0.1436096802967043,1201.162206854899,0.5347901327515037,4
img_4_bw,img_4_noise_mid,hist,0.3100507945515066,381.70172217790594,0.3317084177045576,10.738550257596351,0.2118008100251371,4
img_4_bw,img_4_noise_high,full,0.3142864724250073,0.0619390819758783,0.0612437260288473,496.46955691449,0.3538213842898557,4
img_4_bw,img_4_noise_high,hist,0.3402878968674356,423.4563842179909,0.3801417278085845,12.369903638818176,0.2517196058275798,4
img_4_noise_low,img_4_noise_low,full,1.000000000000035,0.1309139723324074,1.0000000000000038,13344.90495974687,1.0,4
img_4_noise_low,img_4_noise_low,hist,1.0,1370.1590704657788,1.0000000000000002,41.3222706568173,1.0,4
img_4_noise_low,img_4_noise_mid,full,0.421587702666717,0.0720809770469738,0.113461584989424,938.6026787894824,0.4735432249321215,4
img_4_noise_low,img_4_noise_mid,hist,0.8165966892662878,1166.947835020792,0.899327503623011,33.4196916971912,0.806267274788414,4
img_4_noise_low,img_4_noise_high,full,0.2769142086778869,0.0582482361643299,0.0491817358051019,397.522877845556,0.3132313525924169,4
img_4_noise_low,img_4_noise_high,hist,0.8452663420382165,1220.9793394628557,0.9652016987500648,34.06664096079785,0.8354465346980703,4
img_4_noise_mid,img_4_noise_mid,full,0.9999999999998864,0.2232952372340177,1.0000000000000038,13344.90495974687,1.0,4
img_4_noise_mid,img_4_noise_mid,hist,1.0,1490.447440234448,1.0000000000000002,41.33765178552453,1.0,4
img_4_noise_mid,img_4_noise_high,full,0.1663906204135455,0.0457101987012791,0.0202089579320051,155.60666246715078,0.1883796786292647,4
img_4_noise_mid,img_4_noise_high,hist,0.9967156629261044,1501.6159060317498,0.9331781149026102,36.71037119241933,0.9973849174821444,4
img_4_noise_high,img_4_noise_high,full,0.9999999999999728,0.3379785016345071,1.0000000000000038,13344.90495974687,1.0,4
img_4_noise_high,img_4_noise_high,hist,1.0,1522.8547711427018,1.0000000000000002,41.35996373840641,1.0,4
img_5_bw,img_5_bw,full,0.9994462949281416,0.1673165629824051,0.9999999999823388,13345.981411340945,0.9999999999999996,5
img_5_bw,img_5_bw,hist,1.0,791.2264415210217,0.9999861288309188,41.32654441218384,1.0,5
img_5_bw,img_5_noise_low,full,0.9109356955195778,0.1551976756920711,0.6606560777046087,5964.119189321949,0.9207401917274178,5
img_5_bw,img_5_noise_low,hist,0.7182680925183156,658.4724922278468,0.5611082351709479,19.660937093124616,0.5710684914572615,5
img_5_bw,img_5_noise_mid,full,0.5913546564049128,0.1194901261910343,0.2450974873505296,1833.015264129612,0.620027648986105,5
img_5_bw,img_5_noise_mid,hist,0.5687017001364872,604.8591980318175,0.5494614251646006,17.93655324496748,0.3696673743779929,5
img_5_bw,img_5_noise_high,full,0.399681826276715,0.0967537999531741,0.1094038593926996,784.1914704839663,0.4279284754580968,5
img_5_bw,img_5_noise_high,hist,0.5924110742132244,633.6940506425843,0.4851368128844357,16.70840922828887,0.3979610809850158,5
img_5_noise_low,img_5_noise_low,full,0.9999999999999294,0.1733865927313016,1.0000000000000038,13344.90495974687,1.0,5
img_5_noise_low,img_5_noise_low,hist,1.0,1062.1878591632983,1.0000000000000002,41.31890990619382,1.0,5
img_5_noise_low,img_5_noise_mid,full,0.5477605091456704,0.1126400247944227,0.2159292741391286,1557.5317613704249,0.5713420343715669,5
img_5_noise_low,img_5_noise_mid,hist,0.8488605588153167,1046.0595007831678,0.9936507116910404,37.75192416106444,0.8165626108907786,5
img_5_noise_low,img_5_noise_high,full,0.3708691405518667,0.0913676273794804,0.0974265709436692,678.4401072886899,0.3937538973531436,5
img_5_noise_low,img_5_noise_high,hist,0.8610107442189263,1067.1250204207347,0.9517770194406904,35.2341846941448,0.8334432020856598,5
img_5_noise_mid,img_5_noise_mid,full,1.0000000000000266,0.2438869291883883,1.0000000000000038,13344.90495974687,0.9999999999999998,5
img_5_noise_mid,img_5_noise_mid,hist,1.0,1429.6796424420825,1.0000000000000002,41.33220472772672,1.0,5
img_5_noise_mid,img_5_noise_high,full,0.2452712559790387,0.0716646214449034,0.0418160326790797,303.6038459499909,0.263532784730075,5
img_5_noise_mid,img_5_noise_high,hist,0.993939383549896,1429.174738521457,0.9220432114690502,36.07186739451764,0.995388766533612,5
img_5_noise_high,img_5_noise_high,full,1.0000000000000784,0.3500481500152935,1.0000000000000038,13344.90495974687,1.0,5
img_5_noise_high,img_5_noise_high,hist,1.0,1446.145966488322,1.0000000000000002,41.34374593224586,1.0,5
img_6_bw,img_6_bw,full,0.9952533128894158,0.0952174451802506,0.9999997312770904,13347.98964663558,0.9999999999999996,6
img_6_bw,img_6_bw,hist,1.0,1124.5182704109222,1.0000000000000002,41.32732855861552,1.0,6
img_6_bw,img_6_noise_low,full,0.7887639148446502,0.0820319778257415,0.4640440858845068,3878.726908093832,0.8235082029647802,6
img_6_bw,img_6_noise_low,hist,0.8364199996642222,1049.0889029866194,0.6581050704084462,25.061109336416635,0.8083753753857275,6
img_6_bw,img_6_noise_mid,full,0.3942177098388046,0.0560015027030097,0.1038379302660521,785.7751350267245,0.4345548266942036,6
img_6_bw,img_6_noise_mid,hist,0.7422236346766974,957.6194078643068,0.5589867396520941,19.664633095343333,0.7473235819393473,6
img_6_bw,img_6_noise_high,full,0.2471845252694409,0.0438846932940042,0.0419173295561029,312.1477313045076,0.2788433124988367,6
img_6_bw,img_6_noise_high,hist,0.7819067648843019,1006.5587680958204,0.5841668583292088,21.59384790955668,0.7710112285129024,6
img_6_noise_low,img_6_noise_low,full,0.9999999999999212,0.1130549038658423,1.0000000000000038,13344.90495974687,1.0,6
img_6_noise_low,img_6_noise_low,hist,1.0,1398.972743219189,1.0000000000000002,41.33007577002785,1.0,6
img_6_noise_low,img_6_noise_mid,full,0.3256778909045303,0.0502927152254183,0.0712851352411306,530.4176290559261,0.3570743571143355,6
img_6_noise_low,img_6_noise_mid,hist,0.953043819576036,1371.4892175926138,0.8019886105925368,31.18399579346922,0.9642448373822932,6
img_6_noise_low,img_6_noise_high,full,0.2080339693908561,0.0401494222937068,0.0298009839551886,217.63870306190967,0.2301108666229428,6
img_6_noise_low,img_6_noise_high,hist,0.984688957574777,1413.8541209344785,0.9042689347855092,34.72854602244762,0.9887612580467386,6
img_6_noise_mid,img_6_noise_mid,full,1.0000000000000642,0.2109328436138745,1.0000000000000038,13344.90495974687,1.0,6
img_6_noise_mid,img_6_noise_mid,hist,1.0,1480.3002194604678,1.0000000000000002,41.349098043359,1.0,6
img_6_noise_mid,img_6_noise_high,full,0.1079456819021397,0.0284562534498196,0.009115222009706,66.24581548247161,0.1208997009850774,6
img_6_noise_mid,img_6_noise_high,hist,0.9849243214658192,1454.7175272047452,0.9137336481562636,35.62080405766734,0.9865419839938312,6
img_6_noise_high,img_6_noise_high,full,0.9999999999999662,0.3294584757568134,1.0000000000000038,13344.90495974687,1.0,6
img_6_noise_high,img_6_noise_high,hist,1.0,1473.6753376731087,1.0000000000000002,41.32603238571484,1.0,6
img_7_bw,img_7_bw,full,0.9995521395975202,0.1723775037904568,0.9999999998320472,13345.609730419555,1.0,7
img_7_bw,img_7_bw,hist,1.0,718.718020287015,0.9999861288309188,41.32654441218384,0.9999999999999998,7
img_7_bw,img_7_noise_low,full,0.915692263079914,0.1610266554090912,0.6413896761832407,6087.3382874282,0.9273429922818538,7
img_7_bw,img_7_noise_low,hist,0.5602863102001938,489.6032570834544,0.376830415644059,12.991306366703922,0.5244474870151482,7
img_7_bw,img_7_noise_mid,full,0.6073612471252016,0.125828093222566,0.2530893650126143,1956.74050382664,0.6379525677872488,7
img_7_bw,img_7_noise_mid,hist,0.4145542179805865,416.1480888313041,0.3112955692762708,9.255264689678748,0.3511892756064628,7
img_7_bw,img_7_noise_high,full,0.4157112315627838,0.1026576974988799,0.1153429786831428,851.131763711838,0.4456631390527359,7
img_7_bw,img_7_noise_high,hist,0.4222874955243043,430.59397712995576,0.2811670432060283,8.628068304480562,0.3518361332309072,7
img_7_noise_low,img_7_noise_low,full,0.9999999999999052,0.1793169409286058,1.0000000000000038,13344.90495974687,1.0,7
img_7_noise_low,img_7_noise_low,hist,1.0,1062.4537656890875,1.0000000000000002,41.324973525622525,1.0,7
img_7_noise_low,img_7_noise_mid,full,0.5652994668568053,0.1194214133366976,0.2283726497894498,1685.5538823996922,0.5915527418906217,7
img_7_noise_low,img_7_noise_mid,hist,0.830159469643917,1013.2202139856856,0.9840471637045684,36.58459640699764,0.8172845126121457,7
img_7_noise_low,img_7_noise_high,full,0.386132913878941,0.0972321025165854,0.1033073121752488,739.2606847495766,0.4118739560496794,7
img_7_noise_low,img_7_noise_high,hist,0.8138356952774177,1008.9559753670662,0.9999559719934968,37.019719830754255,0.7943973465800823,7
img_7_noise_mid,img_7_noise_mid,full,0.9999999999999596,0.2488776746015909,1.0000000000000038,13344.90495974687,1.0,7
img_7_noise_mid,img_7_noise_mid,hist,1.0,1402.08582384385,1.0000000000000002,41.333900919241565,1.0,7
img_7_noise_mid,img_7_noise_high,full,0.2647441487489773,0.0785383068323882,0.0475648489403817,352.1568884095362,0.2850457739768914,7
img_7_noise_mid,img_7_noise_high,hist,0.9979581104498948,1421.2814030861311,0.9760396646627624,38.8288924498149,0.9977839531188748,7
img_7_noise_high,img_7_noise_high,full,1.000000000000148,0.3536098774216691,1.0000000000000038,13344.90495974687,1.0,7
img_7_noise_high,img_7_noise_high,hist,1.0,1446.6415167221437,1.0000000000000002,41.33635823738528,1.0,7
img_8_bw,img_8_bw,full,1.0046259009801315,0.0897173818414584,0.9999999999813382,13347.457412155312,1.0,8
img_8_bw,img_8_bw,hist,1.0,1148.4849761999308,1.0000000000000002,41.32308977894865,1.0,8
img_8_bw,img_8_noise_low,full,0.7787707075044367,0.0775602786607984,0.3977243562880879,3788.489846227945,0.8306499024441598,8
img_8_bw,img_8_noise_low,hist,0.8825835081436217,1136.0934565389898,0.7701873185515692,28.7255699424122,0.8785301269618924,8
img_8_bw,img_8_noise_mid,full,0.3961009450306557,0.0544676951771365,0.0970352761277511,794.9249021772353,0.4434031238614839,8
img_8_bw,img_8_noise_mid,hist,0.8412662271915179,1106.621078340896,0.8066639490736414,29.437038691134063,0.8174510940006471,8
img_8_bw,img_8_noise_high,full,0.2549901192579821,0.0437998546246855,0.0410930405883358,323.9723320556837,0.2868992812258505,8
img_8_bw,img_8_noise_high,hist,0.8558289911824108,1126.4900319045687,0.7475589462124519,28.63158406005678,0.8368399839304266,8
img_8_noise_low,img_8_noise_low,full,1.000000000000054,0.1110675739145182,1.0000000000000038,13344.90495974687,0.9999999999999996,8
img_8_noise_low,img_8_noise_low,hist,1.0,1442.7503307883685,1.0000000000000002,41.33105009558341,1.0,8
img_8_noise_low,img_8_noise_mid,full,0.3246731995484895,0.0497894229715399,0.0669457482344875,543.3492542095311,0.36802334681119,8
img_8_noise_low,img_8_noise_mid,hist,0.9624471671751488,1418.9768637467448,0.9304025418033772,36.21979542095046,0.959050998326205,8
img_8_noise_low,img_8_noise_high,full,0.2096945710089962,0.0401692789600411,0.0290478677169314,227.9924607593967,0.2384133070489326,8
img_8_noise_low,img_8_noise_high,hist,0.980010215736404,1445.7855968235094,0.9998238825988728,39.005914173434455,0.9773000443071542,8
img_8_noise_mid,img_8_noise_mid,full,1.0000000000000857,0.2117356658274657,1.0000000000000038,13344.90495974687,1.0,8
img_8_noise_mid,img_8_noise_mid,hist,1.0,1506.626663599226,1.0000000000000002,41.352347384769,1.0,8
img_8_noise_mid,img_8_noise_high,full,0.1141478864367528,0.0301910411901034,0.009971661589068,73.18020507703636,0.128958498014919,8
img_8_noise_mid,img_8_noise_high,hist,0.995574359339482,1500.9085352539312,0.9497287326074132,37.33462836500492,0.9961987088076872,8
img_8_noise_high,img_8_noise_high,full,1.0000000000000568,0.3303896344319879,1.0000000000000038,13344.90495974687,1.0,8
img_8_noise_high,img_8_noise_high,hist,1.0,1508.535030351829,1.0000000000000002,41.352792223168514,0.9999999999999998,8
img_9_bw,img_9_bw,full,1.0024850920746968,0.0898257280980963,0.9999999993281916,13346.06085305194,1.0,9
img_9_bw,img_9_bw,hist,1.0,1114.6680066376698,1.0000000000000002,41.31749441890989,1.0,9
img_9_bw,img_9_noise_low,full,0.779575049562684,0.0779179977663557,0.4057077762707454,3861.515945223901,0.8395669458582036,9
img_9_bw,img_9_noise_low,hist,0.8960938038897474,1125.642217282987,0.7432120593158786,27.143435073990148,0.8732396699074116,9
img_9_bw,img_9_noise_mid,full,0.4042234130104407,0.0558856580285392,0.1014476175429021,840.5531077633023,0.4585622545885636,9
img_9_bw,img_9_noise_mid,hist,0.8858874136422434,1158.387806509052,0.7978625392411748,28.37436473623864,0.8361719234225503,9
img_9_bw,img_9_noise_high,full,0.2609880524274517,0.0449762442300016,0.0429544872662606,340.70532780970115,0.2966000173492779,9
img_9_bw,img_9_noise_high,hist,0.8937171074856503,1142.0288774867345,0.781849992463073,28.565459254551605,0.8446680497748216,9
img_9_noise_low,img_9_noise_low,full,1.000000000000044,0.1114902483837637,1.0000000000000038,13344.90495974687,1.0,9
img_9_noise_low,img_9_noise_low,hist,1.0,1415.6251218734158,1.0000000000000002,41.32011362409147,1.0,9
img_9_noise_low,img_9_noise_mid,full,0.332784665900222,0.0513214881268674,0.0704911274468331,579.8537585110365,0.3852450741815851,9
img_9_noise_low,img_9_noise_mid,hist,0.9789933792935848,1442.635327974738,0.916948420302326,35.94383156998512,0.9782273486624667,9
img_9_noise_low,img_9_noise_high,full,0.2146102826949231,0.0412543849339234,0.0307738196956157,240.08059681897555,0.2485805116925658,9
img_9_noise_low,img_9_noise_high,hist,0.9839331666555958,1416.915584291822,0.9462060682852528,37.22645621572031,0.98281158094671,9
img_9_noise_mid,img_9_noise_mid,full,1.000000000000166,0.2133216751136952,1.0000000000000038,13344.90495974687,1.0,9
img_9_noise_mid,img_9_noise_mid,hist,1.0,1533.9293447345904,1.0000000000000002,41.37695879101874,1.0,9
img_9_noise_mid,img_9_noise_high,full,0.116903081446025,0.0310845510981925,0.0103161004992414,77.64632149860057,0.1346296346439992,9
img_9_noise_mid,img_9_noise_high,hist,0.997766685209582,1495.670484085305,0.9773433438257546,39.66439489380809,0.9976077261506744,9
img_9_noise_high,img_9_noise_high,full,1.0000000000000084,0.3314379978818287,1.0000000000000038,13344.90495974687,1.0,9
img_9_noise_high,img_9_noise_high,hist,1.0,1464.901732764863,1.0000000000000002,41.336288595634215,1.0,9
img_10_bw,img_10_bw,full,1.0007331999209268,0.1117223174297258,0.9999999972448516,13349.907979179598,0.9999999999999998,10
img_10_bw,img_10_bw,hist,1.0,1139.261941902661,1.0000000000000002,41.31445313291466,1.0,10
img_10_bw,img_10_noise_low,full,0.8287617866617956,0.09730582607221,0.5434359240426306,4411.861994636418,0.8530589435612527,10
img_10_bw,img_10_noise_low,hist,0.7033489082884768,876.7099881992059,0.56078768296902,20.644046986143906,0.6690091797069726,10
img_10_bw,img_10_noise_mid,full,0.4386478351569733,0.0682146164363528,0.1350577965971109,981.781039680335,0.478602561404135,10
img_10_bw,img_10_noise_mid,hist,0.5003777558057246,645.034196522289,0.3923610250189215,13.612193945344444,0.5118128612027952,10
img_10_bw,img_10_noise_high,full,0.2783454946536376,0.0536365861322306,0.0550527116389837,388.48763971792505,0.3083850220039721,10
img_10_bw,img_10_noise_high,hist,0.4540521643296626,599.2852767046978,0.3795861975356268,12.47025290015181,0.4700664572718996,10
img_10_noise_low,img_10_noise_low,full,1.000000000000079,0.1234800009788844,1.0000000000000038,13344.90495974687,1.0,10
img_10_noise_low,img_10_noise_low,hist,1.0,1363.7874318400611,1.0000000000000002,41.32478586030889,1.0,10
img_10_noise_low,img_10_noise_mid,full,0.3760586649265646,0.0615041682019009,0.1019578483415943,728.8476025917796,0.408732976590947,10
img_10_noise_low,img_10_noise_mid,hist,0.8435229799112175,1189.7157472248427,0.6929069925451949,25.70550213762688,0.8714167323959712,10
img_10_noise_low,img_10_noise_high,full,0.241284167777414,0.0488982431969589,0.043080127091201,299.4528430817523,0.2650005728903051,10
img_10_noise_low,img_10_noise_high,hist,0.7866175624053258,1135.9338553275534,0.6665096886933378,23.51022560396887,0.8163972253877059,10
img_10_noise_mid,img_10_noise_mid,full,0.9999999999999988,0.2166213582956281,1.0000000000000038,13344.90495974687,0.9999999999999996,10
img_10_noise_mid,img_10_noise_mid,hist,1.0,1458.6325446865503,1.0000000000000002,41.33501344017738,1.0,10
img_10_noise_mid,img_10_noise_high,full,0.132430704250969,0.0355472037936424,0.01289494813084,94.09106088809736,0.1475286856449589,10
img_10_noise_mid,img_10_noise_high,hist,0.9908400536478892,1479.7643724957825,0.9288283025950798,36.41414977205794,0.9916732119735704,10
img_10_noise_high,img_10_noise_high,full,1.00000000000003,0.332607651837898,1.0000000000000038,13344.90495974687,0.9999999999999998,10
img_10_noise_high,img_10_noise_high,hist,1.0,1529.0867538774337,1.0000000000000002,41.36585019861449,1.0,10
img_11_bw,img_11_bw,full,1.0165507160689575,0.1106791132560914,0.999999999701418,13347.48937267064,0.9999999999999998,11
img_11_bw,img_11_bw,hist,1.0,1132.8041394636575,1.0000000000000002,41.32005798778885,1.0,11
img_11_bw,img_11_noise_low,full,0.834889528034715,0.0976877557950364,0.501175576764825,4554.937665704952,0.8736144228020576,11
img_11_bw,img_11_noise_low,hist,0.5707559442475135,704.7543876589317,0.4918335262055208,15.65457198224566,0.5776919497181843,11
img_11_bw,img_11_noise_mid,full,0.4649753761972756,0.0721031394032657,0.1469179573924775,1131.1462377175935,0.5123167757235074,11
img_11_bw,img_11_noise_mid,hist,0.3354789690739853,437.62023398645977,0.4526501731417983,14.500858698217089,0.2447434604746659,11
img_11_bw,img_11_noise_high,full,0.3040547122791326,0.058161739148913,0.0612596286067821,463.12812247142153,0.3373937351170938,11
img_11_bw,img_11_noise_high,hist,0.3317520393101136,428.7640195565892,0.4609425613511074,15.078517138475132,0.2292626795884478,11
img_11_noise_low,img_11_noise_low,full,1.0000000000000957,0.1257435210533122,1.0000000000000038,13344.90495974687,0.9999999999999998,11
img_11_noise_low,img_11_noise_low,hist,1.0,1345.9219099714248,1.0000000000000002,41.32223627944465,1.0,11
img_11_noise_low,img_11_noise_mid,full,0.4033021210593048,0.0672092771573992,0.1225426889501363,895.405389153529,0.4481410606792749,11
img_11_noise_low,img_11_noise_mid,hist,0.8731898792165621,1241.575989802485,0.9304025418033772,34.826341744045905,0.8575918819483688,11
img_11_noise_low,img_11_noise_high,full,0.2620989454582408,0.0538797308721208,0.0516241418810449,369.1167461938055,0.2940104114812651,11
img_11_noise_low,img_11_noise_high,hist,0.861109727654793,1213.0976058930482,0.9224394957822024,35.3691884748581,0.8388418957975092,11
img_11_noise_mid,img_11_noise_mid,full,0.9999999999999308,0.2208573310904951,1.0000000000000038,13344.90495974687,1.0,11
img_11_noise_mid,img_11_noise_mid,hist,1.0,1502.136368920109,1.0000000000000002,41.36173880985892,1.0,11
img_11_noise_mid,img_11_noise_high,full,0.1506148318734636,0.0410337290805435,0.0166857364857822,125.26234583134196,0.1700564893657265,11
img_11_noise_mid,img_11_noise_high,hist,0.9980348199305584,1485.3462113646426,0.9998238825988728,39.81731698752096,0.9978295533298815,11
img_11_noise_high,img_11_noise_high,full,1.000000000000173,0.3360738112356582,1.0000000000000038,13344.90495974687,1.0,11
img_11_noise_high,img_11_noise_high,hist,1.0,1474.5334791724051,1.0000000000000002,41.34284722097279,1.0,11
img_12_bw,img_12_bw,full,1.0002548272704177,0.1277087950031022,0.9999999984884314,13345.587251882622,1.0,12
img_12_bw,img_12_bw,hist,1.0,934.1255881600108,1.0000000000000002,41.31728798324859,1.0,12
img_12_bw,img_12_noise_low,full,0.8678504880686402,0.1168215334706649,0.5153275710759285,4996.799904728894,0.9003698397855026,12
img_12_bw,img_12_noise_low,hist,0.843090682696633,910.9477429196018,0.6083463845031669,21.637448434816683,0.840033856664601,12
img_12_bw,img_12_noise_mid,full,0.5204919542676577,0.0891386130200024,0.1754457918506454,1409.641280775466,0.5667639760134211,12
img_12_bw,img_12_noise_mid,hist,0.6235210125263542,730.8694386008993,0.4450527708260181,15.724095763153208,0.6126050003959568,12
img_12_bw,img_12_noise_high,full,0.3496137692360626,0.0730775342015327,0.0782527505003278,606.7127083875005,0.3854446700170187,12
img_12_bw,img_12_noise_high,hist,0.3979979019590212,468.2072965446655,0.3540907647263989,11.048151931530722,0.3277142703735571,12
img_12_noise_low,img_12_noise_low,full,0.9999999999999968,0.141920728004344,1.0000000000000038,13344.90495974687,0.9999999999999998,12
img_12_noise_low,img_12_noise_low,hist,1.0,1249.778588494484,1.0000000000000002,41.32187449649936,1.0,12
img_12_noise_low,img_12_noise_mid,full,0.4649060337522949,0.0839430749375962,0.1488509504292586,1147.7159703306895,0.5099450875845226,12
img_12_noise_low,img_12_noise_mid,hist,0.8211547545958965,1113.3395214186598,0.9388575093412465,35.04815587806776,0.8067771916290105,12
img_12_noise_low,img_12_noise_high,full,0.3128912119299989,0.0689535390409103,0.0678805224967339,504.5881078083223,0.3465936232303616,12
img_12_noise_low,img_12_noise_high,hist,0.5939959077050289,808.2668242847789,0.7508868513363839,26.920246941887807,0.507254978610899,12
img_12_noise_mid,img_12_noise_mid,full,1.0000000000000258,0.2297172201545379,1.0000000000000038,13344.90495974687,0.9999999999999998,12
img_12_noise_mid,img_12_noise_mid,hist,1.0,1470.8627459039303,1.0000000000000002,41.34225490212037,1.0,12
img_12_noise_mid,img_12_noise_high,full,0.1941550062450859,0.0544359303814817,0.0277650521709593,209.71609631015363,0.2165741536527532,12
img_12_noise_mid,img_12_noise_high,hist,0.8903991724464071,1314.394043208714,0.8134297958931729,30.63163149296337,0.8881096496189509,12
img_12_noise_high,img_12_noise_high,full,0.9999999999999212,0.3422004382189382,1.0000000000000038,13344.90495974687,1.0,12
img_12_noise_high,img_12_noise_high,hist,1.0,1481.5268299221966,1.0000000000000002,41.332493210526366,1.0,12
img_13_bw,img_13_bw,full,1.0013020048686527,0.1285623850631175,0.9999999819480409,13345.971901318178,0.9999999999999996,13
img_13_bw,img_13_bw,hist,1.0,875.295085453284,1.0000000000000002,41.31934775047037,1.0,13
img_13_bw,img_13_noise_low,full,0.8615647890246994,0.1155546152003167,0.5588498235464121,5038.06864968128,0.882532929573104,13
img_13_bw,img_13_noise_low,hist,0.6603659579800855,723.5422554591669,0.6551398911427889,21.877545923580715,0.6330882991627805,13
img_13_bw,img_13_noise_mid,full,0.4938738911165719,0.0839124009375361,0.1583666658462587,1237.6233203005154,0.530695902856806,13
img_13_bw,img_13_noise_mid,hist,0.5185384825102622,586.6518488251684,0.5119678283496322,17.161832043531525,0.4660966964593,13
img_13_bw,img_13_noise_high,full,0.3227591936894743,0.0673300378998448,0.067120973849086,508.1140679430192,0.3523819026495974,13
img_13_bw,img_13_noise_high,hist,0.4287844037393427,490.1916686801737,0.4010693939507788,13.60018478268636,0.3410562339351314,13
img_13_noise_low,img_13_noise_low,full,0.9999999999998168,0.1401037865737109,1.0000000000000038,13344.90495974687,0.9999999999999996,13
img_13_noise_low,img_13_noise_low,hist,1.0,1371.5257137703798,1.0000000000000002,41.345580061461575,1.0,13
img_13_noise_low,img_13_noise_mid,full,0.4372218071877246,0.0776001237680085,0.1258563394995888,951.6110938551598,0.4676794036011932,13
img_13_noise_low,img_13_noise_mid,hist,0.8800430041291972,1246.3157355250837,0.8292529655308425,31.58039717374677,0.8713669752457265,13
img_13_noise_low,img_13_noise_high,full,0.2870902235816567,0.0625603485391753,0.0547836924605235,401.2324403234354,0.3114285190249643,13
img_13_noise_low,img_13_noise_high,hist,0.7331717470802318,1049.197865828016,0.6900500356897219,25.481884410176527,0.703794811754729,13
img_13_noise_mid,img_13_noise_mid,full,0.9999999999999812,0.2248388341968493,1.0000000000000038,13344.90495974687,1.0,13
img_13_noise_mid,img_13_noise_mid,hist,1.0,1462.3267096990676,1.0000000000000002,41.34184946260806,1.0,13
img_13_noise_mid,img_13_noise_high,full,0.1704023231222625,0.0470399653574488,0.0198307320789885,147.02895131365975,0.1873097207807129,13
img_13_noise_mid,img_13_noise_high,hist,0.9419732935393316,1391.90789013583,0.8439618721350997,32.4001809439033,0.9442622727831512,13
img_13_noise_high,img_13_noise_high,full,0.9999999999999676,0.3389312701358056,1.0000000000000038,13344.90495974687,0.9999999999999998,13
img_13_noise_high,img_13_noise_high,hist,1.0,1493.1361175670156,1.0000000000000002,41.33486671644578,1.0,13
img_14_bw,img_14_bw,full,0.999909312461258,0.2522785280452393,0.9999999999470164,13346.36914918036,0.9999999999999996,14
img_14_bw,img_14_bw,hist,1.0,973.775915814976,1.0000000000000002,41.32019728771511,1.0,14
img_14_bw,img_14_noise_low,full,0.9589254931634218,0.2395815841074,0.8280893792573574,6787.276346193545,0.954986815964922,14
img_14_bw,img_14_noise_low,hist,0.2594219739615356,259.17141038123737,0.3526744892556175,9.086525414513575,0.1070347563025581,14
img_14_bw,img_14_noise_mid,full,0.7271195556797703,0.1961644768775308,0.4455546274947122,2972.431308390713,0.73262662720681,14
img_14_bw,img_14_noise_mid,hist,0.46287472820141,519.7561264605235,0.3000410267886114,10.846836408160474,-0.4196951424576006,14
img_14_bw,img_14_noise_high,full,0.5242319565724549,0.1623348691111889,0.2190556799861482,1395.1383824379425,0.5419928990673816,14
img_14_bw,img_14_noise_high,hist,0.4251806397547841,499.9482033877501,0.2832676370372669,9.607540912522293,-0.3898735997084387,14
img_14_noise_low,img_14_noise_low,full,1.0000000000001286,0.2474101199773345,1.0000000000000038,13344.90495974687,0.9999999999999998,14
img_14_noise_low,img_14_noise_low,hist,1.0,1024.9475366775987,1.0000000000000002,41.32305657871886,1.0,14
img_14_noise_low,img_14_noise_mid,full,0.7015039351130025,0.1874103377247104,0.4329826030380332,2776.174143056917,0.699975843819338,14
img_14_noise_low,img_14_noise_mid,hist,0.5130842327593357,591.079802373133,0.850305329472423,30.14339002796856,0.4617710804596129,14
img_14_noise_low,img_14_noise_high,full,0.506733267264717,0.1553876979951939,0.2141533600906658,1323.301070665971,0.5181101919361439,14
img_14_noise_low,img_14_noise_high,hist,0.4504637743545687,543.4163559646511,0.7982076113754775,27.162390832987104,0.3711825812576164,14
img_14_noise_mid,img_14_noise_mid,full,0.999999999999942,0.2884758113992082,1.0000000000000038,13344.90495974687,0.9999999999999998,14
img_14_noise_mid,img_14_noise_mid,hist,1.0,1294.8315268786628,1.0000000000000002,41.32350529322803,1.0,14
img_14_noise_mid,img_14_noise_high,full,0.3893277019237502,0.1289135280359981,0.1148730256272718,787.1689329323256,0.3991960550070809,14
img_14_noise_mid,img_14_noise_high,hist,0.9856419071653904,1336.434903201745,0.9149227501195012,36.2753711862033,0.9857723927782892,14
img_14_noise_high,img_14_noise_high,full,0.9999999999999738,0.3800642076674005,1.0000000000000038,13344.90495974687,1.0,14
img_14_noise_high,img_14_noise_high,hist,1.0,1419.8551234808986,1.0000000000000002,41.332791767876266,1.0,14
img_15_bw,img_15_bw,full,1.0008742680838247,0.1052354792206505,0.9999999925354744,13346.579170659825,1.0,15
img_15_bw,img_15_bw,hist,1.0,1136.2779872694866,1.0000000000000002,41.3258052664297,1.0,15
img_15_bw,img_15_noise_low,full,0.8173436247871831,0.0925929494398912,0.4607649362429622,4354.2887924239385,0.8608199468533619,15
img_15_bw,img_15_noise_low,hist,0.7968313763324036,1011.9378277259495,0.740664237955751,24.74018250471221,0.7863609486183185,15
img_15_bw,img_15_noise_mid,full,0.4399633571942457,0.0665588548315255,0.1200259872977105,993.4768020502518,0.4901535188128313,15
img_15_bw,img_15_noise_mid,hist,0.6452227926297789,850.117000506672,0.5894148077893578,20.099270286454907,0.6506141883071815,15
img_15_bw,img_15_noise_high,full,0.2839027510287485,0.0532686654050521,0.0499587924902566,400.95304697238,0.3189069779220612,15
img_15_bw,img_15_noise_high,hist,0.5124788382251163,655.2251910468821,0.556352033993039,18.45804207203674,0.5115073655823114,15
img_15_noise_low,img_15_noise_low,full,1.0000000000000209,0.122057316730495,1.0000000000000038,13344.90495974687,1.0,15
img_15_noise_low,img_15_noise_low,hist,1.0,1419.3523293909916,1.0000000000000002,41.3396130868425,1.0,15
img_15_noise_low,img_15_noise_mid,full,0.377173046402862,0.0614781178288902,0.089999208862808,733.7709534331503,0.4228228578035471,15
img_15_noise_low,img_15_noise_mid,hist,0.7964553749122164,1172.8251190339383,0.8079013850923875,29.69261051010202,0.7967080806201394,15
img_15_noise_low,img_15_noise_high,full,0.242860548402578,0.0490964132913006,0.0378355797239072,301.19295630998766,0.2743700993244863,15
img_15_noise_low,img_15_noise_high,hist,0.6598444003112206,942.8855835926416,0.7016843413786278,25.56562210991656,0.6365755182886953,15
img_15_noise_mid,img_15_noise_mid,full,0.9999999999999882,0.217668712532647,1.0000000000000038,13344.90495974687,1.0,15
img_15_noise_mid,img_15_noise_mid,hist,1.0,1527.753924652275,1.0000000000000002,41.37162382486741,1.0,15
img_15_noise_mid,img_15_noise_high,full,0.1385850172763494,0.0374132271043784,0.0139383412262604,105.27587570783209,0.1564777552050964,15
img_15_noise_mid,img_15_noise_high,hist,0.9539281607474288,1414.2126785592905,0.8914179285115577,33.94767042020097,0.9559230414361056,15
img_15_noise_high,img_15_noise_high,full,0.999999999999994,0.3348280019600438,1.0000000000000038,13344.90495974687,1.0,15
img_15_noise_high,img_15_noise_high,hist,1.0,1438.6154012239729,1.0000000000000002,41.33615171933865,1.0,15
img_16_bw,img_16_bw,full,0.9995479005634056,0.1329564241421353,0.9999999993281916,13347.229682659909,1.0,16
img_16_bw,img_16_bw,hist,1.0,951.3200301303318,1.0000000000000002,41.31823314178462,1.0,16
img_16_bw,img_16_noise_low,full,0.8666900849267573,0.1194290682356001,0.5704869998382374,5132.8575893782845,0.8856700668730275,16
img_16_bw,img_16_noise_low,hist,0.5655391024071603,644.5702273123469,0.512688823908896,17.365805540064954,0.3301731295170276,16
img_16_bw,img_16_noise_mid,full,0.5021834679260468,0.0870901926474645,0.1650328452046059,1278.250778365485,0.5361554701208842,16
img_16_bw,img_16_noise_mid,hist,0.40734267467061,479.2214157281167,0.407327194455401,13.632104654012776,0.1563916562923274,16
img_16_bw,img_16_noise_high,full,0.3283604106407884,0.0697383185993045,0.0691383753398068,523.8916067465613,0.3563483811142938,16
img_16_bw,img_16_noise_high,hist,0.3615418993609495,428.3199087777259,0.3883022787271203,12.527430006764613,0.0949811794264991,16
img_16_noise_low,img_16_noise_low,full,0.9999999999999346,0.1427534841333309,1.0000000000000038,13344.90495974687,1.0,16
img_16_noise_low,img_16_noise_low,hist,1.0,1365.490131440292,1.0000000000000002,41.331046305114974,1.0,16
img_16_noise_low,img_16_noise_mid,full,0.4453369066306748,0.0800084816591976,0.1301852369821121,987.903160236758,0.473593693062476,16
img_16_noise_low,img_16_noise_mid,hist,0.8582651575772031,1209.702983210631,0.8222425495801609,31.14276115315548,0.8506868646042915,16
img_16_noise_low,img_16_noise_high,full,0.2927311432849612,0.0644065612087485,0.0561782013451567,415.6014207359615,0.3155049202072773,16
img_16_noise_low,img_16_noise_high,hist,0.7727921132114862,1096.8652297401457,0.7457818475686963,27.855124142004563,0.7531980989063158,16
img_16_noise_mid,img_16_noise_mid,full,1.0000000000000124,0.2261038537391807,1.0000000000000038,13344.90495974687,1.0,16
img_16_noise_mid,img_16_noise_mid,hist,1.0,1454.8759784573122,1.0000000000000002,41.32595079412833,1.0,16
img_16_noise_mid,img_16_noise_high,full,0.1727731456521646,0.0478407574837966,0.0200724474039987,150.7478011424455,0.1893664973525933,16
img_16_noise_mid,img_16_noise_high,hist,0.9787491949675454,1433.9391100734326,0.9177864892900104,35.55348315397402,0.9804083482173404,16
img_16_noise_high,img_16_noise_high,full,0.9999999999999846,0.3391061368616155,1.0000000000000038,13344.90495974687,1.0,16
img_16_noise_high,img_16_noise_high,hist,1.0,1475.3416777858051,1.0000000000000002,41.33025208921715,1.0,16
img_17_bw,img_17_bw,full,0.9993294141726516,0.083748930367922,0.9999999999999976,13345.60725981845,1.0,17
img_17_bw,img_17_bw,hist,1.0,1239.7998819374843,1.0000000000000002,41.309714875398925,1.0,17
img_17_bw,img_17_noise_low,full,0.7654294989969553,0.0722891906164967,0.3678316210311887,3487.96983442877,0.8338579186377951,17
img_17_bw,img_17_noise_low,hist,0.5444945311121748,746.447919035772,0.5836084826106392,19.71090458496312,0.45114957605257,17
img_17_bw,img_17_noise_mid,full,0.3934041540456996,0.052328409439449,0.0957967915865489,801.6580169671784,0.450714259882443,17
img_17_bw,img_17_noise_mid,hist,0.2952992835540313,403.4642819218445,0.5262589960482944,17.414960634149185,0.0188034881252953,17
img_17_bw,img_17_noise_high,full,0.2523819313867793,0.0420053050659929,0.040818875226283,327.47667024006927,0.2901839699589717,17
img_17_bw,img_17_noise_high,hist,0.3171926105904322,428.0321976442208,0.537027861365979,15.665910882616616,-0.1985641224547857,17
img_17_noise_low,img_17_noise_low,full,1.000000000000115,0.1064304099378497,1.0000000000000038,13344.90495974687,1.0,17
img_17_noise_low,img_17_noise_low,hist,1.0,1515.8645214075348,1.0000000000000002,41.333194593405416,1.0,17
img_17_noise_low,img_17_noise_mid,full,0.3204378344349252,0.0480330261995959,0.0712755667799368,581.1979601748733,0.3763837948566132,17
img_17_noise_low,img_17_noise_mid,hist,0.731177423064013,1104.6377275744176,0.8258980853253978,31.50373192677329,0.6903232442386058,17
img_17_noise_low,img_17_noise_high,full,0.2045817862257436,0.038371645013751,0.0301889131896391,239.05733754406424,0.2407957396722816,17
img_17_noise_low,img_17_noise_high,hist,0.4562741936012788,680.8221594613127,0.6635358408628114,23.86185035922637,0.3240007003780127,17
img_17_noise_mid,img_17_noise_mid,full,1.000000000000101,0.2111186437346284,1.0000000000000038,13344.90495974687,1.0,17
img_17_noise_mid,img_17_noise_mid,hist,1.0,1505.6839097706709,1.0000000000000002,41.33834376960223,1.0,17
img_17_noise_mid,img_17_noise_high,full,0.1129510898508502,0.0298376285958349,0.0116635867937131,86.50803327781773,0.1311919814304996,17
img_17_noise_mid,img_17_noise_high,hist,0.8676958148173048,1290.363261966068,0.7737223483253103,29.337515992812683,0.866010819856952,17
img_17_noise_high,img_17_noise_high,full,0.9999999999999548,0.3305378278997232,1.0000000000000038,13344.90495974687,1.0,17
img_17_noise_high,img_17_noise_high,hist,1.0,1468.774637494536,1.0000000000000002,41.34002758344206,1.0,17
img_18_bw,img_18_bw,full,1.000746353670252,0.1159957343046035,0.9999999547059653,13345.974845793702,1.0,18
img_18_bw,img_18_bw,hist,1.0,976.8714690808034,1.0000000000000002,41.32182842015138,1.0,18
img_18_bw,img_18_noise_low,full,0.8431077704046612,0.1041621282278891,0.4807124320336517,4684.795536550804,0.877734551309554,18
img_18_bw,img_18_noise_low,hist,0.8137137368195765,900.7047713664007,0.5995558821728189,22.3383002430167,0.8203437315413293,18
img_18_bw,img_18_noise_mid,full,0.4780389738080532,0.0767639353468932,0.1422517461972574,1167.9835548403466,0.5223788566565168,18
img_18_bw,img_18_noise_mid,hist,0.5921512514145809,713.1320825307168,0.6271406556474906,21.087476628231624,0.6032670172082716,18
img_18_bw,img_18_noise_high,full,0.3125072849785928,0.0618243236315948,0.0596753216408588,478.7560518219503,0.3451015229519275,18
img_18_bw,img_18_noise_high,hist,0.6734084280042814,814.3818601222015,0.5457688706707293,19.698218786629948,0.6859233791316681,18
img_18_noise_low,img_18_noise_low,full,0.9999999999998164,0.131684756039852,1.0000000000000038,13344.90495974687,0.9999999999999998,18
img_18_noise_low,img_18_noise_low,hist,1.0,1254.2502775898192,1.0000000000000002,41.32592462928257,1.0,18
img_18_noise_low,img_18_noise_mid,full,0.4170138211134192,0.0713761511017225,0.1103515688903354,890.9378219397681,0.4575004748924502,18
img_18_noise_low,img_18_noise_mid,hist,0.8294189582224268,1131.839044775248,0.8516749424556327,31.185694019599268,0.8217305170184342,18
img_18_noise_low,img_18_noise_high,full,0.2729496801963877,0.0575559953034705,0.0470330145113334,373.1782089740557,0.3022678530976807,18
img_18_noise_low,img_18_noise_high,hist,0.8966067887784132,1228.6408676599851,0.9700292494214552,36.55524673994136,0.8949092535863477,18
img_18_noise_mid,img_18_noise_mid,full,1.0000000000000406,0.2224691773936368,1.0000000000000038,13344.90495974687,0.9999999999999998,18
img_18_noise_mid,img_18_noise_mid,hist,1.0,1484.6949166337397,1.0000000000000002,41.3467431507579,1.0,18
img_18_noise_mid,img_18_noise_high,full,0.1610725336328448,0.0441465369732528,0.0181038631502563,136.63275991677946,0.1790692930350364,18
img_18_noise_mid,img_18_noise_high,hist,0.9828530653563556,1465.3387636236837,0.8909839978639333,34.49567869587375,0.9852987690380794,18
img_18_noise_high,img_18_noise_high,full,0.999999999999966,0.3376606513254016,1.0000000000000038,13344.90495974687,1.0,18
img_18_noise_high,img_18_noise_high,hist,1.0,1497.1374094208936,1.0000000000000002,41.3527865905457,1.0,18
img_19_bw,img_19_bw,full,1.0004423955175452,0.2891403126423117,0.9999999988056744,13286.625117078078,1.0,19
img_19_bw,img_19_bw,hist,1.0,1067.0218257906265,1.0000000000000002,41.3221826008043,1.0,19
img_19_bw,img_19_noise_low,full,0.9680935503582632,0.2728676602695645,0.9157775383908,7108.646114566394,0.959962249842956,19
img_19_bw,img_19_noise_low,hist,0.2416426260901084,250.5733476361665,0.3057172294275397,8.517814020941621,-0.139823150467838,19
img_19_bw,img_19_noise_mid,full,0.7548499698472827,0.2232661658673931,0.4977268439363466,3265.446384566469,0.7519376377588631,19
img_19_bw,img_19_noise_mid,hist,0.2286767713586151,261.30288549179323,0.2354041975131329,7.922856632452453,-0.1459205567051653,19
img_19_bw,img_19_noise_high,full,0.5522960168522674,0.1852314580947362,0.2466477845073914,1558.9833080259286,0.565444251818779,19
img_19_bw,img_19_noise_high,hist,0.2532079617797226,313.1836358149625,0.2030081358200735,6.2361596856705726,-0.1345612872559577,19
img_19_noise_low,img_19_noise_low,full,1.0000000000000293,0.2748861898402126,1.0000000000000038,13344.90495974687,1.0,19
img_19_noise_low,img_19_noise_low,hist,1.0,1007.7419872186756,1.0000000000000002,41.31775966850801,1.0,19
img_19_noise_low,img_19_noise_mid,full,0.733051870626271,0.2114536373035538,0.486196370667041,3099.3554891862227,0.7213992343202743,19
img_19_noise_low,img_19_noise_mid,hist,0.5459643530917848,606.2817100068422,0.8262428422277317,29.575492622544825,0.2840214343439644,19
img_19_noise_low,img_19_noise_high,full,0.5366599309488032,0.1755335702103988,0.2415201155498976,1492.914691183533,0.5421410303274767,19
img_19_noise_low,img_19_noise_high,hist,0.4657832429981788,559.8782415795341,0.9024958401088126,33.08160934267785,0.1239854633670407,19
img_19_noise_mid,img_19_noise_mid,full,0.9999999999999902,0.3026969087211143,1.0000000000000038,13344.90495974687,1.0,19
img_19_noise_mid,img_19_noise_mid,hist,1.0,1223.6888543396983,1.0000000000000002,41.31087358775749,1.0,19
img_19_noise_mid,img_19_noise_high,full,0.4221027637686115,0.1448794349527125,0.1347029216785511,913.7679252813132,0.4258099198426046,19
img_19_noise_mid,img_19_noise_high,hist,0.9686264082108368,1283.0006023534058,0.9237482004950768,36.30521720092641,0.963697318430983,19
img_19_noise_high,img_19_noise_high,full,0.9999999999999464,0.3891966646062441,1.0000000000000038,13344.90495974687,0.9999999999999996,19
img_19_noise_high,img_19_noise_high,hist,1.0,1433.7390220000848,1.0000000000000002,41.33251302320568,1.0,19
img_20_bw,img_20_bw,full,0.9997031046642754,0.1033413136023695,0.9999999999813382,13346.501636867952,1.0,20
img_20_bw,img_20_bw,hist,1.0,1090.6203037344226,1.0000000000000002,41.32098203700481,1.0,20
img_20_bw,img_20_noise_low,full,0.8142227948865238,0.0906439544600011,0.515296059693618,4358.314625749538,0.8582471001956025,20
img_20_bw,img_20_noise_low,hist,0.7742469984066767,948.2360082453353,0.6611655768223746,21.662399467289703,0.7623727300812042,20
img_20_bw,img_20_noise_mid,full,0.4313786407604078,0.0645500269071986,0.1251496627506155,981.459213508778,0.4856498408381368,20
img_20_bw,img_20_noise_mid,hist,0.7046290210934676,906.710201077762,0.5781391335983301,19.836194524055045,0.6738140140082547,20
img_20_bw,img_20_noise_high,full,0.2761598263224578,0.0512744153921455,0.0506322312292263,393.54586965897937,0.3143372242030819,20
img_20_bw,img_20_noise_high,hist,0.709560373403943,896.9069240644337,0.4446457995958642,15.534077032055974,0.717521037068956,20
img_20_noise_low,img_20_noise_low,full,0.9999999999998735,0.1198914568922397,1.0000000000000038,13344.90495974687,1.0,20
img_20_noise_low,img_20_noise_low,hist,1.0,1375.3088797708217,1.0000000000000002,41.32491122065587,1.0,20
img_20_noise_low,img_20_noise_mid,full,0.3670962437470223,0.0591575774581755,0.0892296273622379,722.6596483611221,0.4168533137400632,20
img_20_noise_low,img_20_noise_mid,hist,0.9850786820675016,1423.4500452474008,0.9487167431908364,36.66622169153425,0.9812654942293004,20
img_20_noise_low,img_20_noise_high,full,0.2375732539007335,0.0475040254526966,0.0374657342937178,299.4710607434784,0.2715300957140142,20
img_20_noise_low,img_20_noise_high,hist,0.9488847013015264,1346.8982915717424,0.8714952601553955,34.22581957139333,0.962031758934802,20
img_20_noise_mid,img_20_noise_mid,full,1.0000000000000404,0.2166070776187014,1.0000000000000038,13344.90495974687,1.0,20
img_20_noise_mid,img_20_noise_mid,hist,1.0,1518.2467940133938,1.0000000000000002,41.351597865988,1.0,20
img_20_noise_mid,img_20_noise_high,full,0.1306119582290963,0.0351041135263205,0.0123977236879455,93.63157559861854,0.1500631357529378,20
img_20_noise_mid,img_20_noise_high,hist,0.9501310275662735,1417.0198073412892,0.8651119822524351,32.96294747800016,0.9539049686932352,20
img_20_noise_high,img_20_noise_high,full,1.0000000000000129,0.3334859152286807,1.0000000000000038,13344.90495974687,1.0,20
img_20_noise_high,img_20_noise_high,hist,1.0,1465.016337196639,1.0000000000000002,41.33160011038846,0.9999999999999998,20
img_21_bw,img_21_bw,full,0.99987801924551,0.1019904455678373,0.999999999876372,13345.384175843146,1.0,21
img_21_bw,img_21_bw,hist,1.0,1138.9282751121193,1.0000000000000002,41.31749441890989,1.0,21
img_21_bw,img_21_noise_low,full,0.8093108560977138,0.0891422697649912,0.477888762546869,4216.983646963061,0.8495489935731321,21
img_21_bw,img_21_noise_low,hist,0.774604084253797,997.26952529276,0.745563429797819,25.356345534123527,0.7546084925534592,21
img_21_bw,img_21_noise_mid,full,0.4262549341359479,0.0631339919125977,0.1183397768227506,927.1817138289358,0.471727758164322,21
img_21_bw,img_21_noise_mid,hist,0.7613400027586797,987.3645462293345,0.7841100408614933,26.82377798097528,0.7109644644967198,21
img_21_bw,img_21_noise_high,full,0.2748608098309192,0.0506163817842205,0.049008547421108,377.4712108589681,0.3069463427663197,21
img_21_bw,img_21_noise_high,hist,0.7423782542906978,971.5954166256738,0.7883286529420037,26.31575786693296,0.6823281184562863,21
img_21_noise_low,img_21_noise_low,full,1.0000000000000029,0.1189389707624482,1.0000000000000038,13344.90495974687,1.0,21
img_21_noise_low,img_21_noise_low,hist,1.0,1455.3557161496697,1.0000000000000002,41.329669122155565,1.0,21
img_21_noise_low,img_21_noise_mid,full,0.3596435468444908,0.0575204079077123,0.084837392923595,659.2578855969696,0.400366233090384,21
img_21_noise_low,img_21_noise_mid,hist,0.993332632781898,1456.229997459858,0.9913533102170098,37.8629271137732,0.9915016377891624,21
img_21_noise_low,img_21_noise_high,full,0.2345034002741833,0.0466319174880281,0.0360274505681182,276.6349229579864,0.2614175894444107,21
img_21_noise_low,img_21_noise_high,hist,0.985118360608585,1457.4209879563248,0.9955927544527938,37.3813147778644,0.98226068904796,21
img_21_noise_mid,img_21_noise_mid,full,1.0000000000001597,0.2150677017727783,1.0000000000000038,13344.90495974687,1.0,21
img_21_noise_mid,img_21_noise_mid,hist,1.0,1476.7309730576894,1.0000000000000002,41.33126779828507,1.0,21
img_21_noise_mid,img_21_noise_high,full,0.1281608063408629,0.0342700603963995,0.0122608414757557,91.40589863571071,0.1443243866309906,21
img_21_noise_mid,img_21_noise_high,hist,0.9972450694331746,1486.1567474011224,1.0000000000000002,39.55791623274399,0.9974427200252368,21
img_21_noise_high,img_21_noise_high,full,1.0000000000001017,0.3324635845673535,1.0000000000000038,13344.90495974687,0.9999999999999998,21
img_21_noise_high,img_21_noise_high,hist,1.0,1503.9176483909669,1.0000000000000002,41.36358826588475,1.0,21
img_22_bw,img_22_bw,full,1.001720201692473,0.1159361380686596,0.999999997462134,13345.532004118351,0.9999999999999996,22
img_22_bw,img_22_bw,hist,1.0,1042.3663692883365,1.0000000000000002,41.32368175171187,1.0,22
img_22_bw,img_22_noise_low,full,0.8483134498063044,0.104346860666785,0.5066425801958166,4586.175205908156,0.8778699227500671,22
img_22_bw,img_22_noise_low,hist,0.8500557544920856,988.491441911618,0.6782344193399406,24.881655110882487,0.8520235306169986,22
img_22_bw,img_22_noise_mid,full,0.4799390515914878,0.0769179303056028,0.1550211666054415,1172.9812463865762,0.5197397589567078,22
img_22_bw,img_22_noise_mid,hist,0.5162795267123415,650.7631067827924,0.660362325405622,22.541302590644147,0.4440895199479685,22
img_22_bw,img_22_noise_high,full,0.3145668326427828,0.0621428325649185,0.0660721412068202,484.5358504894428,0.3438377812222759,22
img_22_bw,img_22_noise_high,hist,0.6565254451297683,835.7289930454198,0.6020444301964303,20.452486609331142,0.6122512867117869,22
img_22_noise_low,img_22_noise_low,full,1.000000000000112,0.1307295217979964,1.0000000000000038,13344.90495974687,1.0,22
img_22_noise_low,img_22_noise_low,hist,1.0,1297.2707111941986,1.0000000000000002,41.3137772671484,1.0,22
img_22_noise_low,img_22_noise_mid,full,0.4206339819572874,0.07164674980952,0.1296471685475618,933.026230216792,0.457209792202812,22
img_22_noise_low,img_22_noise_mid,hist,0.7752643935967917,1090.1668448795604,0.873738664703877,32.89078339831085,0.7271088615535353,22
img_22_noise_low,img_22_noise_high,full,0.2755911358356683,0.0578620742246777,0.0555594069382338,392.1943516424288,0.3024037420044264,22
img_22_noise_low,img_22_noise_high,hist,0.8817842491418171,1252.2220709602957,0.9971803988942636,36.50640941101654,0.8624265489911476,22
img_22_noise_mid,img_22_noise_mid,full,0.999999999999911,0.2219272360758097,1.0000000000000038,13344.90495974687,0.9999999999999998,22
img_22_noise_mid,img_22_noise_mid,hist,1.0,1524.2480575022776,1.0000000000000002,41.374282548817305,1.0,22
img_22_noise_mid,img_22_noise_high,full,0.1611355674863233,0.0440797002089828,0.0195300195242839,145.14309712000616,0.1793767699431263,22
img_22_noise_mid,img_22_noise_high,hist,0.9567421261251974,1472.7411867451835,0.8472545056025954,32.03899548810711,0.9616635026425916,22
img_22_noise_high,img_22_noise_high,full,1.0000000000000258,0.3371971024955882,1.0000000000000038,13344.90495974687,1.0,22
img_22_noise_high,img_22_noise_high,hist,1.0,1554.559758450361,1.0000000000000002,41.36293204623508,1.0,22
img_23_bw,img_23_bw,full,1.0017233018724556,0.1274829653282558,0.9999999938011276,13345.678357617371,0.9999999999999992,23
img_23_bw,img_23_bw,hist,1.0,1053.5630333750892,1.0000000000000002,41.31934775047037,0.9999999999999998,23
img_23_bw,img_23_noise_low,full,0.8668321793789704,0.1157158892716631,0.4916939239438452,4842.043147800029,0.9027271225554346,23
img_23_bw,img_23_noise_low,hist,0.6508939038872009,771.8490177465529,0.4937861289708345,16.848814319198922,0.4709754165613234,23
img_23_bw,img_23_noise_mid,full,0.5228767426925072,0.0893623461585769,0.1702461978508235,1426.0021351620503,0.5736115027307509,23
img_23_bw,img_23_noise_mid,hist,0.4774290798212451,591.8730244483538,0.3124480606689324,11.458366318525655,0.2885448638729306,23
img_23_bw,img_23_noise_high,full,0.3495250274065801,0.0730599542440579,0.0754902723009484,609.0538712211819,0.3868195685157375,23
img_23_bw,img_23_noise_high,hist,0.2827954476992081,354.98640702095787,0.2827294947076694,8.565351694403628,0.0869243163238304,23
img_23_noise_low,img_23_noise_low,full,1.0000000000000686,0.1400269287686192,1.0000000000000038,13344.90495974687,0.9999999999999996,23
img_23_noise_low,img_23_noise_low,hist,1.0,1334.700365724063,1.0000000000000002,41.31990279604081,1.0,23
img_23_noise_low,img_23_noise_mid,full,0.4676390651705576,0.0838338888558211,0.1523831925167368,1197.5665243757242,0.5182565183324959,23
img_23_noise_low,img_23_noise_mid,hist,0.8319355444025468,1160.8363163364188,0.8918714487685275,32.77058383239137,0.8288311925293865,23
img_23_noise_low,img_23_noise_high,full,0.3137085457941819,0.0687829912336984,0.0685027638259228,520.3853902868101,0.3494024336426844,23
img_23_noise_low,img_23_noise_high,hist,0.56471076321371,797.8605692334944,0.8218567834104601,28.630522616050285,0.50105203977473,23
img_23_noise_mid,img_23_noise_mid,full,1.0000000000000129,0.2295123682086566,1.0000000000000038,13344.90495974687,1.0,23
img_23_noise_mid,img_23_noise_mid,hist,1.0,1458.7431627856893,1.0000000000000002,41.33952684050874,1.0,23
img_23_noise_mid,img_23_noise_high,full,0.1964979200054432,0.0551581805263139,0.0306747452503185,229.75257629993047,0.2222608068704105,23
img_23_noise_mid,img_23_noise_high,hist,0.8808483209678565,1301.066800386979,0.8209364532368557,30.93028125777008,0.8782827818506758,23
img_23_noise_high,img_23_noise_high,full,1.0000000000000475,0.343319012272594,1.0000000000000038,13344.90495974687,1.0,23
img_23_noise_high,img_23_noise_high,hist,1.0,1495.6090859276771,1.0000000000000002,41.350429470822206,1.0,23
