,n_image,lambda,dcor,dcov,mic,tic,pearson
0,1,-5.0,0.0,0.0,0.020393135236083576,186.26047477087516,0.12126326192518727
1,1,-4.666666666666667,0.0,0.0,0.020393135236083576,186.26047477087516,0.12126326192518727
2,1,-4.333333333333333,0.0,0.0,0.020393135236083576,186.26047477087516,0.12126326192518727
3,1,-4.0,0.0,0.0,0.020393135236083576,186.26047477087516,0.12126326192518727
4,1,-3.666666666666667,0.0,0.0,0.020393135236083576,186.26047477087516,0.12126326192518727
5,1,-3.3333333333333335,0.0,0.0,0.020393135236083576,186.26047477087516,0.12126326192518727
6,1,-3.0,0.0,0.0,0.020393135236083576,186.26047477087516,0.12126326192518727
7,1,-2.666666666666667,0.0,0.0,0.0204388876923625,184.39330958030928,0.12126326196239307
8,1,-2.3333333333333335,0.0,0.0,0.020553185391776488,185.39040455719268,0.1212632621469364
9,1,-2.0,0.0,0.0,0.02218628473205013,200.16266788153652,0.12126326483280403
10,1,-1.666666666666667,0.030160038789725344,0.0006243817859422555,0.8037645483235342,6362.078939283845,0.12126425204174424
11,1,-1.3333333333333335,0.0974649093760669,0.002018064046159353,0.9961677267776885,12410.144877055192,0.12127599784441633
12,1,-1.0,0.13977537036175677,0.0028937934597743314,0.9999989694288015,13289.111434932467,0.12154989263001396
13,1,-0.666666666666667,0.6020970335478576,0.012443844344835454,0.9999999826999981,13341.635066273353,0.12720953093747925
14,1,-0.3333333333333339,1.3663325694493675,0.03219824325503245,0.9999999932711469,13346.321309079156,0.21758127033496014
15,1,0.0,1.028263426246647,0.05409056088196756,0.9999999932711469,13346.378451973042,0.7358287421095216
16,1,0.33333333333333304,0.995791910185501,0.08716895575850231,0.9999999932711469,13346.385446233773,0.9705001881955433
17,1,0.6666666666666661,0.997429827785867,0.10426834697265,0.9999999932711469,13346.415224736182,0.9959566682880472
18,1,1.0,0.9990811342848102,0.10984924934578373,0.9999999932711469,13346.408801191987,0.9999999999999942
19,1,1.333333333333333,0.9983338158530325,0.10952743123679493,0.9999999932711469,13346.386602896997,0.9972393751135215
20,1,1.666666666666666,0.9970726347703396,0.10619128539171684,0.9999999932711469,13346.384085799156,0.9898975654644203
21,1,2.0,0.9915188194497392,0.10086057649936099,0.9999999932711469,13346.407075437875,0.9786873890182199
22,1,2.333333333333333,0.9875829590799305,0.09500598416223353,0.9999999932711469,13346.381256613098,0.9639155683175654
23,1,2.666666666666666,0.981919923735412,0.08875258028353153,0.9999999932711469,13346.379059804303,0.9457079808442076
24,1,3.0,0.9758740379902485,0.0825479240177491,0.9999999932711469,13346.378617625678,0.9240975865559997
25,1,3.333333333333332,0.9690407668762087,0.076459341559882,0.9999999932711469,13346.38068481252,0.8990847550422019
26,1,3.666666666666666,0.9604748196757443,0.0705523059944553,0.9999999932711469,13346.380762256398,0.8706934284216722
27,1,4.0,0.9525404918828171,0.06507769517009777,0.9999999932711469,13346.378812934603,0.839025882361542
28,1,4.333333333333332,0.9431859481321997,0.059857887586631395,0.9999999932711469,13346.37833403628,0.8043103574604729
29,1,4.666666666666666,0.9343593501316996,0.055093817304736746,0.9999999932711469,13346.380038002011,0.7669326940466044
30,1,5.0,0.9240821072543721,0.050610223666854,0.9999999932711469,13346.369527116707,0.7274419363173378
31,2,-5.0,0.16452482520735792,0.0018332936710026397,0.020393135236083576,186.25965363230094,0.17057910953780192
32,2,-4.666666666666667,0.16452482520735792,0.0018332936710026397,0.020393135236083576,186.25965363230094,0.17057910953780192
33,2,-4.333333333333333,0.16452482520735792,0.0018332936710026397,0.020393135236083576,186.25965363230094,0.17057910953780192
34,2,-4.0,0.16452482520735792,0.0018332936710026397,0.020393135236083576,186.25965363230094,0.17057910953780192
35,2,-3.666666666666667,0.16452482520735792,0.0018332936710026397,0.020393135236083576,186.25965363230094,0.17057910953780192
36,2,-3.3333333333333335,0.16452482520735792,0.0018332936710026397,0.020393135236083576,186.25965363230094,0.17057910953780192
37,2,-3.0,0.16452482520735792,0.0018332936710026397,0.020393135236083576,186.25965363230094,0.17057910953780192
38,2,-2.666666666666667,0.16452482520735792,0.0018332936710026397,0.020393135236083576,186.25965363230094,0.17057910953780192
39,2,-2.3333333333333335,0.16452482520735792,0.0018332936710026397,0.020393135236083576,186.25965363230094,0.17057910953780192
40,2,-2.0,0.16469060661158474,0.001835115956512695,0.020461756756047715,184.59948374951082,0.17057910960844774
41,2,-1.666666666666667,0.10704982650989102,0.0011928424229695458,0.8335564661470918,6577.08843437535,0.17057981186439675
42,2,-1.3333333333333335,0.19578082036903371,0.0021818899542752467,0.9555154070819957,10422.923438051328,0.17058765213179747
43,2,-1.0,0.243451959752132,0.0027126553283702403,0.9999800248804148,13268.520807771845,0.170762715639312
44,2,-0.666666666666667,0.8108313334998368,0.008979141471472935,0.9999999983928785,13347.827406003664,0.17420675801005303
45,2,-0.3333333333333339,2.239502091014053,0.025616221180584417,0.9999999995231513,13350.620430851302,0.22694640896838658
46,2,0.0,0.8364759881667333,0.014865140128076524,0.9999999995231513,13350.626320506077,0.5873338896487592
47,2,0.33333333333333304,1.0028411160497228,0.027930941640426258,0.9999999995231513,13350.627156335957,0.9234792076784584
48,2,0.6666666666666661,1.0387691551584528,0.032727696037432315,0.9999999995231513,13350.627370917106,0.988360527673489
49,2,1.0,1.0047235322242238,0.03197067173887952,0.9999999995231513,13350.627813931513,0.9999999999999523
50,2,1.333333333333333,0.9993720392123936,0.030297897087817865,0.9999999995231513,13350.627815929138,0.9917052042560996
51,2,1.666666666666666,0.9578712294719103,0.027021305222041214,0.9999999995231513,13350.629041390039,0.9703407184106929
52,2,2.0,0.9919593743245775,0.025934016288030822,0.9999999995231513,13350.628528369303,0.9403851895789557
53,2,2.333333333333333,0.9760067871689526,0.023415101912149978,0.9999999995231513,13350.629357866326,0.9057826772077979
54,2,2.666666666666666,0.9595075680085162,0.02123715020378306,0.9999999995231513,13350.62675034313,0.8697052042753668
55,2,3.0,0.9245780085544992,0.018918003369016646,0.9999999995231513,13350.628760740512,0.834367815467493
56,2,3.333333333333332,0.8915161739504783,0.01696031088346992,0.9999999995231513,13350.628276458008,0.8010959526318436
57,2,3.666666666666666,0.8609883536854714,0.015339265166497952,0.9999999995231513,13350.626351328016,0.7705303421664804
58,2,4.0,0.8260467840298035,0.013891904058625448,0.9999999995231513,13350.626781660554,0.7428521116285506
59,2,4.333333333333332,0.7907444545280699,0.012631874223155714,0.9999999995231513,13350.624319734265,0.7179689064095596
60,2,4.666666666666666,0.7530046066975093,0.011472333398062176,0.9999999995231513,13350.622886336721,0.6956473074743305
61,2,5.0,0.7195110734347845,0.010508566160870392,0.9999999995231517,13350.617799177093,0.675597529523371
62,3,-5.0,0.06607142225674913,0.0012898732845580084,0.020393135236083576,186.26137546650293,0.11428947061051595
63,3,-4.666666666666667,0.06607142225674913,0.0012898732845580084,0.020393135236083576,186.26137546650293,0.11428947061051595
64,3,-4.333333333333333,0.06607142225674913,0.0012898732845580084,0.020393135236083576,186.26137546650293,0.11428947061051595
65,3,-4.0,0.06607142225674913,0.0012898732845580084,0.020393135236083576,186.26137546650293,0.11428947061051595
66,3,-3.666666666666667,0.06607142225674913,0.0012898732845580084,0.020393135236083576,186.26137546650293,0.11428947061051595
67,3,-3.3333333333333335,0.06607142225674913,0.0012898732845580084,0.020393135236083576,186.26137546650293,0.11428947061051595
68,3,-3.0,0.06607142225674913,0.0012898732845580084,0.020393135236083576,186.26137546650293,0.11428947061051595
69,3,-2.666666666666667,0.06607142225674913,0.0012898732845580084,0.020393135236083576,186.26137546650293,0.11428947061051595
70,3,-2.3333333333333335,0.06607142225674913,0.0012898732845580084,0.020393135236083576,186.26137546650293,0.11428947061051595
71,3,-2.0,0.06607142225674913,0.0012898732845580084,0.020393135236083576,186.26137546650293,0.11428947061051595
72,3,-1.666666666666667,0.043151939773575246,0.0008423996766047046,0.8739528936171512,6913.363322981358,0.11429041227690681
73,3,-1.3333333333333335,0.09958924609283956,0.0019445033327868417,0.9997962757661878,12520.739709043697,0.11430088300836252
74,3,-1.0,0.2173256806883752,0.004242748446544035,0.9999999435495297,13301.236408330378,0.1145530699110448
75,3,-0.666666666666667,0.5983367022411656,0.011656515040289668,0.9999999393693957,13343.501105348583,0.119848948823797
76,3,-0.3333333333333339,1.1026459890946851,0.02259664671728085,0.9999999873849528,13347.6349380262,0.20560419205553956
77,3,0.0,0.9040103212175317,0.04225258060910188,0.9999999873849528,13347.706664247642,0.716910237542951
78,3,0.33333333333333304,0.9958767707455883,0.07851740937938259,0.9999999873849528,13347.720923229295,0.9656228449307007
79,3,0.6666666666666661,0.9984415218228925,0.09323696401163517,0.9999999873849528,13347.745724595734,0.994877034512154
80,3,1.0,1.0031973452327836,0.09807762431205026,0.9999999873849528,13347.73542476786,0.9999999999999919
81,3,1.333333333333333,1.0000063533578396,0.09702572595723111,0.9999999873849528,13347.7566362307,0.9961646332179792
82,3,1.666666666666666,0.9965347960608691,0.09349555622003915,0.9999999873849528,13347.748666185258,0.9857330684476436
83,3,2.0,0.9902400282396001,0.08855056085878482,0.9999999873849528,13347.733303370405,0.9698764245737607
84,3,2.333333333333333,0.981493966842078,0.08305188812583618,0.9999999873849528,13347.740735484453,0.9496444847093848
85,3,2.666666666666666,0.9713886766715106,0.07742382608496001,0.9999999873849528,13347.721142220104,0.9260806863056115
86,3,3.0,0.9591354156050993,0.07188739086524833,0.9999999873849528,13347.722945811549,0.9001902711432349
87,3,3.333333333333332,0.9451410054847298,0.06659403541338009,0.9999999873849528,13347.714302287557,0.8728888719043559
88,3,3.666666666666666,0.9291121274741101,0.06155874063108926,0.9999999873849528,13347.713089655586,0.8449637564304893
89,3,4.0,0.9114291334016968,0.05685381730333786,0.9999999873849528,13347.719936325078,0.8170552015014303
90,3,4.333333333333332,0.8931443528859099,0.05256420253040914,0.9999999873849528,13347.712883447412,0.7896558776684539
91,3,4.666666666666666,0.8732935495841654,0.048578278870861344,0.9999999873849528,13347.716230455704,0.7631232836177362
92,3,5.0,0.8530455935660131,0.04495534623895487,0.9999999873849528,13347.686510965757,0.7376988701384085
93,4,-5.0,0.0,0.0,0.020393135236083576,186.26246585437354,0.114117305376814
94,4,-4.666666666666667,0.0,0.0,0.020393135236083576,186.26246585437354,0.114117305376814
95,4,-4.333333333333333,0.0,0.0,0.020393135236083576,186.26246585437354,0.114117305376814
96,4,-4.0,0.0,0.0,0.020393135236083576,186.26246585437354,0.114117305376814
97,4,-3.666666666666667,0.0,0.0,0.020393135236083576,186.26246585437354,0.114117305376814
98,4,-3.3333333333333335,0.0,0.0,0.020393135236083576,186.26246585437354,0.114117305376814
99,4,-3.0,0.0,0.0,0.020393135236083576,186.26246585437354,0.114117305376814
100,4,-2.666666666666667,0.0,0.0,0.020393135236083576,186.26246585437354,0.114117305376814
101,4,-2.3333333333333335,0.0,0.0,0.020393135236083576,186.26246585437354,0.114117305376814
102,4,-2.0,0.0,0.0,0.031165900829213875,283.3137145085338,0.11411731328918906
103,4,-1.666666666666667,0.0,0.0,0.9126306737698673,7131.822397715204,0.11411837678324616
104,4,-1.3333333333333335,0.07459732327306827,0.00145451156615321,0.9998679559926861,12679.128466873177,0.11413030431489708
105,4,-1.0,0.14742969949922033,0.00287415069805876,0.9999980446566031,13296.788698674349,0.11440335973267789
106,4,-0.666666666666667,0.6265093684820141,0.012182831443059107,0.9999999495398116,13340.76718963205,0.1199529410618547
107,4,-0.3333333333333339,1.1203654282167121,0.02127010322297239,0.9999999845675271,13345.541369608583,0.20768536936234858
108,4,0.0,0.9999469733295924,0.04785970066748928,0.9999999845675271,13345.646185038971,0.7188478104572429
109,4,0.33333333333333304,0.9991994212599957,0.07901480497869941,0.9999999845675271,13345.676300304945,0.9657478096498932
110,4,0.6666666666666661,0.998094370772058,0.09337729668386693,0.9999999999999994,13345.73587099245,0.9950811179955448
111,4,1.0,1.0034653962472027,0.09782774610014046,0.9999999845675271,13345.704525531051,0.9999999999999907
112,4,1.333333333333333,0.9993307968719329,0.09617396716834496,0.9999999999999994,13345.709833536948,0.9965181766873402
113,4,1.666666666666666,0.9977089965955817,0.09234469881670307,0.9999999845675271,13345.685592525297,0.9871247482613577
114,4,2.0,0.9921436700076391,0.08691128540443577,0.9999999845675271,13345.682215473615,0.9726755527156223
115,4,2.333333333333333,0.9860732142681949,0.0810593636481075,0.9999999845675271,13345.671713076523,0.9537149645183027
116,4,2.666666666666666,0.978720861879402,0.07506248012504993,0.9999999845675271,13345.653526949502,0.9307547788352228
117,4,3.0,0.9692335133152471,0.0691478930809606,0.9999999845675271,13345.66545999971,0.9043507825646162
118,4,3.333333333333332,0.9590971579832575,0.06355218851687017,0.9999999845675271,13345.645856077232,0.8751152002552257
119,4,3.666666666666666,0.9467232530143936,0.05821719066405497,0.9999999845675271,13345.643013635958,0.8437019139891948
120,4,4.0,0.9336790906408431,0.05331288926481405,0.9999999845675271,13345.65406888387,0.8107791013136015
121,4,4.333333333333332,0.9191948562870358,0.04877036231211188,0.9999999845675271,13345.659433239818,0.7769976305397234
122,4,4.666666666666666,0.9036371197353882,0.04461150431097817,0.9999999845675271,13345.633443155773,0.7429617695112515
123,4,5.0,0.8869398545618163,0.040814151514426446,0.9999999845675271,13345.604401698167,0.7092056256508128
124,5,-5.0,0.0,0.0,0.020393135236083576,186.27125132423012,0.07542924437634331
125,5,-4.666666666666667,0.0,0.0,0.020393135236083576,186.27125132423012,0.07542924437634331
126,5,-4.333333333333333,0.0,0.0,0.020393135236083576,186.27125132423012,0.07542924437634331
127,5,-4.0,0.0,0.0,0.020393135236083576,186.27125132423012,0.07542924437634331
128,5,-3.666666666666667,0.0,0.0,0.020393135236083576,186.27125132423012,0.07542924437634331
129,5,-3.3333333333333335,0.0,0.0,0.021689762111949534,195.7113413260829,0.07542924570885474
130,5,-3.0,0.0,0.0,0.0219157182084067,197.50289691252587,0.07542924782408636
131,5,-2.666666666666667,0.0,0.0,0.027000563352646136,244.10934907109205,0.07542926453302563
132,5,-2.3333333333333335,0.0,0.0,0.033776294190552864,305.0475280047423,0.07542935405228354
133,5,-2.0,0.0,0.0,0.09779001103630933,861.0312662378323,0.07542988275713973
134,5,-1.666666666666667,0.0,0.0,0.9984240503665635,8883.898532148673,0.075434793695935
135,5,-1.3333333333333335,0.026174441708389968,0.0005540308592816725,0.9993375524733858,13027.045722624374,0.07548394587616951
136,5,-1.0,0.16802164885711815,0.003556465990209532,0.9999997782849409,13314.204570267611,0.07619003222035992
137,5,-0.666666666666667,0.733938923651523,0.015512209009033398,0.9999999999813383,13342.86745212956,0.08729811697687208
138,5,-0.3333333333333339,1.192234423378846,0.03041302705885481,0.9999999999253539,13345.6405892376,0.2337533965233533
139,5,0.0,1.0172107668173052,0.06553546280732322,0.9999999999253539,13345.683280825717,0.7894086440440313
140,5,0.33333333333333304,0.984191845880529,0.09861935444707755,0.9999999999253539,13345.703747765681,0.955407628896251
141,5,0.6666666666666661,0.9960087987394952,0.11340602503085344,0.9999999999253539,13345.752977984215,0.9910257158774016
142,5,1.0,0.9984026093041597,0.11473384428433767,0.9999999999253539,13345.737397383718,0.9999999999999946
143,5,1.333333333333333,0.9963028068707439,0.11091970523456245,0.9999999999999976,13345.725762104623,0.9929608788227644
144,5,1.666666666666666,0.9876191917525046,0.10469029750724862,0.9999999999253539,13345.704875978316,0.9749412819928809
145,5,2.0,0.973601673612696,0.09765737559355585,0.9999999999999976,13345.703778067103,0.9499711124877669
146,5,2.333333333333333,0.9557851414527628,0.09063550411055091,0.9999999999253539,13345.69615576367,0.9212323320089039
147,5,2.666666666666666,0.9349236216754506,0.08395257122617683,0.9999999999999976,13345.682578210904,0.891032096295674
148,5,3.0,0.9121323862229632,0.0777773453615736,0.9999999999253539,13345.678425906131,0.8609051760694157
149,5,3.333333333333332,0.8879840974324806,0.07213486749531332,0.9999999999253539,13345.667946496822,0.8317879321564741
150,5,3.666666666666666,0.8634057866867816,0.0670475670245656,0.9999999999253539,13345.647006582196,0.804194550845661
151,5,4.0,0.838764634234024,0.06247049013088143,0.9999999999253539,13345.621945641931,0.7783613320319425
152,5,4.333333333333332,0.8147180919542563,0.058379778685105,0.9999999999253539,13345.502671120577,0.754351745574452
153,5,4.666666666666666,0.7913150867334823,0.05470909409759896,0.9999999999253539,13345.23723833075,0.7321280151041435
154,5,5.0,0.7689150757072235,0.051427903174649924,0.9999999999813383,13344.631938180439,0.7115970896670734
155,6,-5.0,0.06300131974984474,0.0016094240421324704,0.020393135236083576,186.25970186947788,0.09855957604244943
156,6,-4.666666666666667,0.06300131974984474,0.0016094240421324704,0.020393135236083576,186.25970186947788,0.09855957604244943
157,6,-4.333333333333333,0.06300131974984474,0.0016094240421324704,0.020393135236083576,186.25970186947788,0.09855957604244943
158,6,-4.0,0.06300131974984474,0.0016094240421324704,0.020393135236083576,186.25970186947788,0.09855957604244943
159,6,-3.666666666666667,0.06300131974984474,0.0016094240421324704,0.020393135236083576,186.25970186947788,0.09855957604244943
160,6,-3.3333333333333335,0.06300131974984474,0.0016094240421324704,0.020393135236083576,186.25970186947788,0.09855957604244943
161,6,-3.0,0.06300131974984474,0.0016094240421324704,0.020393135236083576,186.25970186947788,0.09855957604244943
162,6,-2.666666666666667,0.06300131974984474,0.0016094240421324704,0.020393135236083576,186.25970186947788,0.09855957604244943
163,6,-2.3333333333333335,0.06300131974984474,0.0016094240421324704,0.020393135236083576,186.25970186947788,0.09855957604244943
164,6,-2.0,0.06282608356468973,0.0016049256062123213,0.020667364502988016,186.42344797455533,0.09855957624320023
165,6,-1.666666666666667,0.06018428995774765,0.001537435763110587,0.6287838651740397,4976.740246776395,0.0985601038744573
166,6,-1.3333333333333335,0.08096478833407002,0.0020686600601770772,0.9994595912289129,12545.619407829528,0.09856879790731332
167,6,-1.0,0.14357278765722387,0.003667862793141052,0.9999983649698735,13287.611507610856,0.09878857172501573
168,6,-0.666666666666667,0.4748365871090068,0.012127029344151306,0.9999999999253539,13341.172212750354,0.10384950041072272
169,6,-0.3333333333333339,1.3969612421183468,0.04330616738826636,0.9999999999823389,13345.839681068355,0.19377628921564255
170,6,0.0,0.9519107182764669,0.06462808002780152,0.9999999999823387,13345.915020344917,0.7442594743958701
171,6,0.33333333333333304,0.9958945351378209,0.11997560786719208,0.9999999999823387,13345.955970010005,0.9729524104649547
172,6,0.6666666666666661,0.9998062197002021,0.15124520817001552,0.9999999999823391,13345.926017612563,0.9962305259270655
173,6,1.0,0.9993325866453974,0.1672960331136156,0.9999999999823387,13345.93194506058,0.9999999999999978
174,6,1.333333333333333,0.9984019727991723,0.1757650017508182,0.9999999999823395,13345.959086240733,0.9975237901506723
175,6,1.666666666666666,0.9951838180964717,0.1795170605080465,0.9999999999823387,13345.959602347579,0.991298513654701
176,6,2.0,0.9898870105776293,0.18033050836730602,0.9999999999823391,13345.95694843304,0.9825213211609709
177,6,2.333333333333333,0.9838129246087848,0.1795048590269979,0.9999999999823387,13345.913465063773,0.9720097528703753
178,6,2.666666666666666,0.9764034133137587,0.17749847886464115,0.9999999999823387,13345.917154154247,0.9603783325109787
179,6,3.0,0.9679025182971488,0.1747504905082802,0.9999999999823387,13345.911084222034,0.9480970097113495
180,6,3.333333333333332,0.9588363332746698,0.17160083885085708,0.9999999999823387,13345.913742638555,0.9355218576478352
181,6,3.666666666666666,0.9494152805049102,0.1682356973595435,0.9999999999823387,13345.907221308611,0.9229172561289846
182,6,4.0,0.9396273066131308,0.16475794978437425,0.9999999999823387,13345.94587244663,0.9104742489860704
183,6,4.333333333333332,0.9296022241350621,0.16124292576565596,0.9999999999823387,13345.907828822994,0.8983261465928769
184,6,4.666666666666666,0.9196001140041015,0.15777121456059826,0.9999999999823387,13345.907132848226,0.8865618080476845
185,6,5.0,0.9097692914029935,0.15440425395933216,0.9999999999823387,13345.906967208184,0.8752364148006619
186,7,-5.0,0.05846632295571708,0.0011290893965074452,0.020393135236083576,186.2651803894196,0.13115577158685
187,7,-4.666666666666667,0.05846632295571708,0.0011290893965074452,0.020393135236083576,186.2651803894196,0.13115577158685
188,7,-4.333333333333333,0.05846632295571708,0.0011290893965074452,0.020393135236083576,186.2651803894196,0.13115577158685
189,7,-4.0,0.05846632295571708,0.0011290893965074452,0.020393135236083576,186.2651803894196,0.13115577158685
190,7,-3.666666666666667,0.05846632295571708,0.0011290893965074452,0.020393135236083576,186.2651803894196,0.13115577158685
191,7,-3.3333333333333335,0.05846632295571708,0.0011290893965074452,0.020393135236083576,186.2651803894196,0.13115577158685
192,7,-3.0,0.05846632295571708,0.0011290893965074452,0.020393135236083576,186.2651803894196,0.13115577158685
193,7,-2.666666666666667,0.05846632295571708,0.0011290893965074452,0.020393135236083576,186.2651803894196,0.13115577158685
194,7,-2.3333333333333335,0.05846632295571708,0.0011290893965074452,0.020393135236083576,186.2651803894196,0.13115577158685
195,7,-2.0,0.05846632295571708,0.0011290893965074452,0.020393135236083576,186.2651803894196,0.13115577158685
196,7,-1.666666666666667,0.09283092666481348,0.0017926942199654216,0.7187879686310659,5781.401172459667,0.131156689515327
197,7,-1.3333333333333335,0.10505692939912133,0.0020291735622840947,0.9987810251841255,11786.980190721142,0.13116907341668493
198,7,-1.0,0.1410369056494692,0.0027236742425313346,0.9999962042671595,13287.752565303936,0.1314529287221639
199,7,-0.666666666666667,0.5010010890441889,0.009662517491248043,0.9999996598975631,13341.788201650454,0.13720529195508369
200,7,-0.3333333333333339,1.8121321660684573,0.038084167187998244,0.9999997312770903,13347.764193598707,0.22706486035525417
201,7,0.0,0.8035665349927823,0.03670562650243121,0.9999997312770903,13347.91764668501,0.7341536527752355
202,7,0.33333333333333304,0.9841403398921237,0.07618870212828331,0.9999997312770903,13347.931162145154,0.9685320506342419
203,7,0.6666666666666661,0.9872194614832327,0.0904856335932432,0.9999997312770903,13347.951283416722,0.995440851660638
204,7,1.0,0.9952255914786695,0.0952128125431213,0.9999997312770903,13347.948344434692,0.9999999999999934
205,7,1.333333333333333,0.997253486843787,0.09463033519464696,0.9999997312770903,13347.94537889572,0.9966892915511113
206,7,1.666666666666666,0.9966402584035237,0.09117946881461717,0.9999997312770903,13347.946805753507,0.9877195188422239
207,7,2.0,0.9880983293730065,0.08571316328749774,0.9999997312770903,13347.939035234778,0.9739381773300452
208,7,2.333333333333333,0.9865553291099561,0.08042741518924858,0.9999997312770903,13347.928450237083,0.9558875798808489
209,7,2.666666666666666,0.977405623724647,0.07439171947254351,0.9999997312770903,13347.930096881732,0.9340116480046149
210,7,3.0,0.9709700021418702,0.06874714656190298,0.9999997312770903,13347.918248081049,0.908734648373866
211,7,3.333333333333332,0.9617824627955406,0.06309680631689399,0.9999997312770903,13347.919402375313,0.8805029238743249
212,7,3.666666666666666,0.9538714967305735,0.05795827222651034,0.9999997312770903,13347.919623831547,0.8498044394820804
213,7,4.0,0.944717241480492,0.05310229495008237,0.9999997312770903,13347.920364655283,0.817169976898865
214,7,4.333333333333332,0.9325311560137849,0.04845160021822896,0.9999997312770903,13347.915567244321,0.7831594686472036
215,7,4.666666666666666,0.9196035786169714,0.04417557847574807,0.9999997312770903,13347.905625840842,0.7483392233162741
216,7,5.0,0.9069031501611696,0.04031485683612438,0.9999997312770903,13347.895486135523,0.7132549880064464
217,8,-5.0,0.0,0.0,0.020393135236083576,186.26026122334733,0.08567887300542729
218,8,-4.666666666666667,0.0,0.0,0.020393135236083576,186.26026122334733,0.08567887300542729
219,8,-4.333333333333333,0.0,0.0,0.020393135236083576,186.26026122334733,0.08567887300542729
220,8,-4.0,0.0,0.0,0.020393135236083576,186.26026122334733,0.08567887300542729
221,8,-3.666666666666667,0.0,0.0,0.020393135236083576,186.26026122334733,0.08567887300542729
222,8,-3.3333333333333335,0.0,0.0,0.020393135236083576,186.26026122334733,0.08567887300542729
223,8,-3.0,0.0,0.0,0.020393135236083576,186.26026122334733,0.08567887300542729
224,8,-2.666666666666667,0.0,0.0,0.020530335363400203,185.2110573440781,0.08567887308454016
225,8,-2.3333333333333335,0.0,0.0,0.020963680616039936,189.02287049875792,0.08567887379347885
226,8,-2.0,0.0,0.0,0.028488342116336683,258.1211646179699,0.08567888355879685
227,8,-1.666666666666667,0.032389682829843607,0.0008397802925908983,0.8200730393224399,6543.862667334347,0.08567990154216809
228,8,-1.3333333333333335,0.05453322157826963,0.001414134546406087,0.9948199026365929,12715.073554765388,0.08569524437325939
229,8,-1.0,0.12829164194010848,0.003326392717840791,0.9999966944427702,13298.007240392239,0.0860361477999902
230,8,-0.666666666666667,0.4878546001267841,0.012651401716287723,0.9999999873849528,13341.043832781592,0.09308613408400544
231,8,-0.3333333333333339,1.1221256902914147,0.03552472788920088,0.9999999998320471,13345.456298601986,0.20766990892942333
232,8,0.0,1.0262545124387552,0.07758202878515602,0.9999999998320471,13345.560515484955,0.7827795566633469
233,8,0.33333333333333304,0.9874506379445358,0.12679001357460323,0.9999999998320471,13345.573491339215,0.9695009378083583
234,8,0.6666666666666661,0.9982121550469526,0.15786086519279766,0.9999999998320471,13345.583958475212,0.9948534398676181
235,8,1.0,0.999554402139924,0.17237787497150356,0.9999999998320471,13345.598527284383,0.999999999999998
236,8,1.333333333333333,0.9981183020268638,0.17885448270613397,0.9999999998320471,13345.594020160392,0.9964765886615953
237,8,1.666666666666666,0.9938757557937794,0.18082996793356262,0.9999999998320471,13345.591941566141,0.9878743722276886
238,8,2.0,0.9871697954571598,0.18005141933384253,0.9999999998320471,13345.592207609616,0.9762915525097583
239,8,2.333333333333333,0.979256992378174,0.17778238381534686,0.9999999998320471,13345.587226206504,0.9630955654917779
240,8,2.666666666666666,0.9704099356864793,0.17460637554155842,0.9999999998320471,13345.580008514567,0.9491782997388771
241,8,3.0,0.9608921114680696,0.170884685072209,0.9999999998320471,13345.582406633112,0.9351064590086033
242,8,3.333333333333332,0.9511937479626607,0.16692346417072734,0.9999999998320471,13345.581680899015,0.9212250236556857
243,8,3.666666666666666,0.941497201699247,0.16287154259416234,0.9999999998320471,13345.57881757083,0.9077303220596377
244,8,4.0,0.9319319490978485,0.15882291597395617,0.9999999998320471,13345.57820129764,0.8947212136028763
245,8,4.333333333333332,0.9225518801085144,0.15483642125113092,0.9999999998320471,13345.576804685317,0.8822343384947716
246,8,4.666666666666666,0.9135357629626654,0.15097010776765019,0.9999999998320471,13345.570190450313,0.8702682024540895
247,8,5.0,0.9047745469841656,0.1472165449325408,0.9999999998320471,13345.546045543713,0.8587991068437513
248,9,-5.0,0.0,0.0,0.020393135236083576,186.2602545717356,0.15292486257806645
249,9,-4.666666666666667,0.0,0.0,0.020393135236083576,186.2602545717356,0.15292486257806645
250,9,-4.333333333333333,0.0,0.0,0.020393135236083576,186.2602545717356,0.15292486257806645
251,9,-4.0,0.0,0.0,0.020393135236083576,186.2602545717356,0.15292486257806645
252,9,-3.666666666666667,0.0,0.0,0.020393135236083576,186.2602545717356,0.15292486257806645
253,9,-3.3333333333333335,0.0,0.0,0.020393135236083576,186.2602545717356,0.15292486257806645
254,9,-3.0,0.0,0.0,0.020393135236083576,186.2602545717356,0.15292486257806645
255,9,-2.666666666666667,0.0,0.0,0.020393135236083576,186.2602545717356,0.15292486257806645
256,9,-2.3333333333333335,0.0,0.0,0.020393135236083576,186.2602545717356,0.15292486257806645
257,9,-2.0,0.0,0.0,0.020461756756047715,184.60007965036235,0.1529248626436254
258,9,-1.666666666666667,0.0,0.0,0.4526404533457679,3617.2758201964766,0.15292542800983988
259,9,-1.3333333333333335,0.0,0.0,0.9866859426041552,11395.567301159088,0.15293395925053543
260,9,-1.0,0.1515215607526125,0.0028271464089441936,0.9999999993281916,13270.299081434103,0.15313714278306828
261,9,-0.666666666666667,0.5979200197108611,0.011146004964976643,0.9999999999253539,13339.077051931392,0.15749250728108583
262,9,-0.3333333333333339,2.1938174892131026,0.04221346307001504,0.9999999999813382,13347.35413491446,0.22971573875556942
263,9,0.0,1.2301223293074064,0.050237006861300004,0.9999999999813382,13347.420601956348,0.6910066060970632
264,9,0.33333333333333304,0.9810121220353694,0.06624241421966814,0.9999999999813382,13347.422907030137,0.9608443512684334
265,9,0.6666666666666661,1.00896559972032,0.08352230850386783,0.9999999999813382,13347.438907285681,0.9945993237558954
266,9,1.0,1.0071568805101003,0.08997974103969876,0.9999999999813382,13347.451848718934,0.9999999999999962
267,9,1.333333333333333,1.0014288586962348,0.09151522263263355,0.9999999999813382,13347.453018802213,0.9963788991718516
268,9,1.666666666666666,0.9939084508867723,0.09049910167882667,0.9999999999813382,13347.454537445577,0.9870170115957069
269,9,2.0,0.9904490035488109,0.08844635740797106,0.9999999999813382,13347.445518929826,0.9733663407054001
270,9,2.333333333333333,0.9853560432420195,0.08545322279708552,0.9999999999813382,13347.45097532365,0.9564469126317282
271,9,2.666666666666666,0.9801186348013178,0.08214733814109543,0.9999999999813382,13347.437402885398,0.9370754604457238
272,9,3.0,0.9709037658315104,0.07818758284789219,0.9999999999813382,13347.42985731771,0.9159219388158892
273,9,3.333333333333332,0.9607462785122962,0.07419174258779918,0.9999999999813382,13347.433846906642,0.8935332332336969
274,9,3.666666666666666,0.9503600678431968,0.07020709590861925,0.9999999999813382,13347.439272952808,0.8703502516829871
275,9,4.0,0.940812540996447,0.06643439124556037,0.9999999999813382,13347.440043146431,0.8467233070484289
276,9,4.333333333333332,0.9299822773916172,0.06275169161038424,0.9999999999813382,13347.44477562775,0.8229263286439852
277,9,4.666666666666666,0.9188826358360279,0.05922080266483732,0.9999999999813382,13347.438617867514,0.7991701172007737
278,9,5.0,0.906051583572602,0.055758234896213996,0.9999999999813382,13347.433833600988,0.7756137910474782
279,10,-5.0,0.0,0.0,0.020393135236083576,186.27915750099768,0.13610800726946837
280,10,-4.666666666666667,0.0,0.0,0.020393135236083576,186.27915750099768,0.13610800726946837
281,10,-4.333333333333333,0.0,0.0,0.020393135236083576,186.27915750099768,0.13610800726946837
282,10,-4.0,0.0,0.0,0.020393135236083576,186.27915750099768,0.13610800726946837
283,10,-3.666666666666667,0.0,0.0,0.020393135236083576,186.27915750099768,0.13610800726946837
284,10,-3.3333333333333335,0.0,0.0,0.020393135236083576,186.27915750099768,0.13610800726946837
285,10,-3.0,0.0,0.0,0.020393135236083576,186.27915750099768,0.13610800726946837
286,10,-2.666666666666667,0.0,0.0,0.020393135236083576,186.27915750099768,0.13610800726946837
287,10,-2.3333333333333335,0.0,0.0,0.020393135236083576,186.27915750099768,0.13610800726946837
288,10,-2.0,0.0,0.0,0.020393135236083576,186.27915750099768,0.13610800726946837
289,10,-1.666666666666667,0.0,0.0,0.4229011198003091,3449.6908064163986,0.136108547185576
290,10,-1.3333333333333335,0.10472376396855922,0.00195757733580538,0.999977583617411,11863.75513617407,0.13611879319128656
291,10,-1.0,0.14480683069560646,0.0027064131155821584,0.9999990636498091,13281.667679054322,0.13634960459280765
292,10,-0.666666666666667,0.5955252210232918,0.011116022354177956,0.9999999771398912,13340.96821637073,0.14113978987126993
293,10,-0.3333333333333339,2.4042592041563213,0.04597593204158406,0.9999999993281916,13345.965272147521,0.2186026671903474
294,10,0.0,1.047667510497021,0.0425839475770766,0.9999999993281916,13346.038108956973,0.6931869623408071
295,10,0.33333333333333304,0.984422599106257,0.06697439417991408,0.9999999993281916,13346.040569168583,0.9554259344425112
296,10,0.6666666666666661,1.0032608193330814,0.08347428423374177,0.9999999993281916,13346.044596679916,0.9930039167052327
297,10,1.0,1.0028440004927346,0.08986479552921657,0.9999999993281916,13346.05362031321,0.9999999999999931
298,10,1.333333333333333,0.9987863312878387,0.09141674393947893,0.9999999993281916,13346.052317585303,0.9951238316112573
299,10,1.666666666666666,0.9956322500790313,0.09072411345766945,0.9999999993281916,13346.048198634222,0.9827509165092319
300,10,2.0,0.9899804620039613,0.08838044680490824,0.9999999993281916,13346.05085614961,0.9652165727852073
301,10,2.333333333333333,0.984578512572305,0.08537435441858994,0.9999999993281916,13346.042155147039,0.9440630354484778
302,10,2.666666666666666,0.9767926408049966,0.08173863008413967,0.9999999993281916,13346.04182659526,0.9203693685241259
303,10,3.0,0.9686723196913123,0.0779179525603963,0.9999999993281916,13346.037726770299,0.894930873293923
304,10,3.333333333333332,0.9584211767337545,0.07396171694089743,0.9999999993281916,13346.035152470296,0.8683708660014862
305,10,3.666666666666666,0.9471396771775327,0.07003373865272462,0.9999999993281916,13346.039083526523,0.8412052948936629
306,10,4.0,0.9338539583324541,0.0661347542676062,0.9999999993281916,13346.038866807074,0.8138750426142802
307,10,4.333333333333332,0.9202225507700457,0.062480098477857286,0.9999999993281916,13346.035942560102,0.7867586674905545
308,10,4.666666666666666,0.9054062858695613,0.05898732475145936,0.9999999993281916,13346.039232313678,0.7601759258189733
309,10,5.0,0.8891689069500535,0.05567430285487525,0.9999999993281916,13346.036780462733,0.7343878102403963
310,11,-5.0,0.02643859986862685,0.0005515442575694501,0.020393135236083576,186.50494281530274,0.09870354712262679
311,11,-4.666666666666667,0.02643859986862685,0.0005515442575694501,0.020393135236083576,186.50494281530274,0.09870354712262679
312,11,-4.333333333333333,0.02643859986862685,0.0005515442575694501,0.020393135236083576,186.50494281530274,0.09870354712262679
313,11,-4.0,0.02643859986862685,0.0005515442575694501,0.020393135236083576,186.50494281530274,0.09870354712262679
314,11,-3.666666666666667,0.02643859986862685,0.0005515442575694501,0.020393135236083576,186.50494281530274,0.09870354712262679
315,11,-3.3333333333333335,0.02643859986862685,0.0005515442575694501,0.020393135236083576,186.50494281530274,0.09870354712262679
316,11,-3.0,0.02643859986862685,0.0005515442575694501,0.020393135236083576,186.50494281530274,0.09870354712262679
317,11,-2.666666666666667,0.026523403579802273,0.0005533058346818202,0.020416013854441115,184.43194029612712,0.0987035471377313
318,11,-2.3333333333333335,0.025373879366804124,0.0005293183474058053,0.020758622918619338,187.4853168060895,0.09870354743629811
319,11,-2.0,0.025724653546664533,0.0005366357484648313,0.03082856551831222,280.38007572566477,0.09870355696387834
320,11,-1.666666666666667,0.07136374856272423,0.0014886983858834269,0.889478894340658,7912.472598706236,0.09870603526153571
321,11,-1.3333333333333335,0.0933012119402274,0.001946694070623416,0.997787704535458,12078.899118372787,0.09874377294483225
322,11,-1.0,0.16337366958765326,0.0034082668929757906,0.9999985502919503,13292.349116027304,0.09944176013128449
323,11,-0.666666666666667,0.5311575663704177,0.01107603263394901,0.9999999758149399,13343.913192426337,0.11127576848322196
324,11,-0.3333333333333339,1.435184237199576,0.03900508495963177,0.9999999972448516,13349.624329793753,0.2667777925571305
325,11,0.0,0.9975056912074228,0.06458375475452953,0.9999999972448516,13349.809158747541,0.8303487744072144
326,11,0.33333333333333304,1.0013071432979963,0.10051720003119644,0.9999999972448516,13349.817584691842,0.970948094013055
327,11,0.6666666666666661,0.9943349400736067,0.11162560193423787,0.9999999972448516,13349.833689857822,0.9940504039904878
328,11,1.0,1.0006760470711498,0.11171432808231911,0.9999999972448516,13349.84784250267,0.9999999999999934
329,11,1.333333333333333,1.0000735417056485,0.10600347332335919,0.9999999972448516,13349.823671437847,0.9945648085918865
330,11,1.666666666666666,0.9942931329625112,0.09784424858481192,0.9999999972448516,13349.8534084758,0.9788584381477436
331,11,2.0,0.9868563419804466,0.08914179356431357,0.9999999972448516,13349.822076341012,0.9538144756874004
332,11,2.333333333333333,0.9778342033534388,0.08057556294793128,0.9999999972448516,13349.832372107217,0.9206439708542047
333,11,2.666666666666666,0.9686393156507102,0.07260577624280073,0.9999999972448516,13349.803582661878,0.8809268786991988
334,11,3.0,0.9561207906428945,0.0651378634169517,0.9999999972448516,13349.807083406135,0.8365444080910734
335,11,3.333333333333332,0.9411089604918986,0.058286228481785884,0.9999999972448516,13349.816038492887,0.7894931707945085
336,11,3.666666666666666,0.9238554356445936,0.0520625187998256,0.9999999972448516,13349.807713401293,0.7416591964805583
337,11,4.0,0.9044663517828576,0.04654310313646572,0.9999999972448516,13349.765322559819,0.6946330133828635
338,11,4.333333333333332,0.8841667916703627,0.041670443190600155,0.9999999972448516,13349.205391912596,0.6496107142436802
339,11,4.666666666666666,0.8594969896442536,0.03721618327513141,0.9999999972448516,13348.877095611808,0.6073833482649149
340,11,5.0,0.8343201429400345,0.03337219764300584,0.9999999972448516,13348.575916164105,0.56838550510537
341,12,-5.0,0.018642400682568047,0.0003840619207903531,0.020393135236083576,186.26053992351538,0.15649275179786962
342,12,-4.666666666666667,0.018642400682568047,0.0003840619207903531,0.020393135236083576,186.26053992351538,0.15649275179786962
343,12,-4.333333333333333,0.018642400682568047,0.0003840619207903531,0.020393135236083576,186.26053992351538,0.15649275179786962
344,12,-4.0,0.018642400682568047,0.0003840619207903531,0.020393135236083576,186.26053992351538,0.15649275179786962
345,12,-3.666666666666667,0.018642400682568047,0.0003840619207903531,0.020393135236083576,186.26053992351538,0.15649275179786962
346,12,-3.3333333333333335,0.018642400682568047,0.0003840619207903531,0.020393135236083576,186.26053992351538,0.15649275179786962
347,12,-3.0,0.018642400682568047,0.0003840619207903531,0.020393135236083576,186.26053992351538,0.15649275179786962
348,12,-2.666666666666667,0.018642400682568047,0.0003840619207903531,0.020393135236083576,186.26053992351538,0.15649275179786962
349,12,-2.3333333333333335,0.018642400682568047,0.0003840619207903531,0.020393135236083576,186.26053992351538,0.15649275179786962
350,12,-2.0,0.018825253282389782,0.0003878289635453661,0.020416013854441115,184.1871571811858,0.1564927518206524
351,12,-1.666666666666667,0.09061911097294123,0.0018668133308308648,0.42162497022793244,3343.03634952745,0.15649324138090265
352,12,-1.3333333333333335,0.1395727606306693,0.0028752906947409926,0.9537755935914738,9605.729497412927,0.1564994712918215
353,12,-1.0,0.14907481284526816,0.003071328281370078,0.9997298274543837,13236.451451553672,0.1566640733309994
354,12,-0.666666666666667,0.25954615530740155,0.005345782899231203,0.9999999995334653,13335.72846710687,0.16050328085019414
355,12,-0.3333333333333339,1.8126739441791755,0.03971792456734954,0.9999999997014181,13347.165727726513,0.22905039654529286
356,12,0.0,0.973772132821191,0.044408952416738035,0.9999999997014181,13347.397699666579,0.6944579868107082
357,12,0.33333333333333304,1.0098296666932045,0.07944635923533706,0.9999999997014181,13347.45004402044,0.9659523631589931
358,12,0.6666666666666661,1.0082014305986882,0.09931708107439226,0.9999999997014181,13347.45690091652,0.9956466435607697
359,12,1.0,1.016453381892376,0.11066538164900962,0.9999999997014181,13347.486842438353,0.9999999999999989
360,12,1.333333333333333,1.0087595017118018,0.1149911012073092,0.9999999997014181,13347.479322230301,0.9969896743308193
361,12,1.666666666666666,0.9973925843260771,0.11595847872260995,0.9999999997014181,13347.485963306157,0.9888393247077174
362,12,2.0,0.9900814820674924,0.1158055768920461,0.9999999997014181,13347.48590814298,0.9763992993951947
363,12,2.333333333333333,0.9826610248272147,0.11475645208781624,0.9999999997014181,13347.485676704277,0.9604421668142339
364,12,2.666666666666666,0.9777034054601833,0.1134867895776563,0.9999999997014181,13347.48473596642,0.9417787223294958
365,12,3.0,0.9660762721307505,0.11102985238554625,0.9999999997014181,13347.477448681415,0.921209143856558
366,12,3.333333333333332,0.9531908631925889,0.10824050527921564,0.9999999997014181,13347.484002898978,0.8994631629778732
367,12,3.666666666666666,0.9395271290317798,0.10524366310390122,0.9999999997014181,13347.484547791224,0.8771613873833757
368,12,4.0,0.9280588312282423,0.10259280851192366,0.9999999997014181,13347.483068437374,0.8548005726038833
369,12,4.333333333333332,0.9147241840432841,0.09969915975281246,0.9999999997014181,13347.478586622015,0.8327568798826738
370,12,4.666666666666666,0.9019321385612982,0.0969198752904286,0.9999999997014181,13347.482736146818,0.8112999919594932
371,12,5.0,0.8879404852286104,0.09403157804449946,0.9999999997014181,13347.457266153326,0.7906114084357649
372,13,-5.0,0.0,0.0,0.020393135236083576,186.2605351957133,0.09024775346554416
373,13,-4.666666666666667,0.0,0.0,0.020393135236083576,186.2605351957133,0.09024775346554416
374,13,-4.333333333333333,0.0,0.0,0.020393135236083576,186.2605351957133,0.09024775346554416
375,13,-4.0,0.0,0.0,0.020393135236083576,186.2605351957133,0.09024775346554416
376,13,-3.666666666666667,0.0,0.0,0.020393135236083576,186.2605351957133,0.09024775346554416
377,13,-3.3333333333333335,0.0,0.0,0.020393135236083576,186.2605351957133,0.09024775346554416
378,13,-3.0,0.0,0.0,0.020393135236083576,186.2605351957133,0.09024775346554416
379,13,-2.666666666666667,0.0,0.0,0.020393135236083576,186.2605351957133,0.09024775346554416
380,13,-2.3333333333333335,0.0,0.0,0.020530335363400203,185.21126233497833,0.09024775354731092
381,13,-2.0,0.0,0.0,0.022837589921408732,206.04487680440215,0.0902477558464531
382,13,-1.666666666666667,0.0,0.0,0.857722687607279,6827.396490132755,0.09024861493008533
383,13,-1.3333333333333335,0.0653136780925722,0.0014573356699973843,0.999309599264486,12765.41263556353,0.09026095030006495
384,13,-1.0,0.13291216685392698,0.0029652653037704475,0.9999963279924493,13300.801290970197,0.09054783785866925
385,13,-0.666666666666667,0.5871343377672447,0.013089672609621886,0.9999999925354743,13341.383479058482,0.0966064926846354
386,13,-0.3333333333333339,1.0919679210146291,0.02697213212073767,0.9999999984884314,13345.445979005604,0.19616858788111813
387,13,0.0,0.9730749341341555,0.05675670718725875,0.9999999984884314,13345.5226010106,0.7484318782636643
388,13,0.33333333333333304,0.9922536083597452,0.09800483778358045,0.9999999984884314,13345.53984718973,0.9655805624246848
389,13,0.6666666666666661,0.9985664257523318,0.11909174605329835,0.9999999984884314,13345.557682522003,0.9941942088292697
390,13,1.0,1.0002785991123764,0.1277093820059717,0.9999999984884314,13345.547617512604,0.9999999999999953
391,13,1.333333333333333,0.9984364495271485,0.1301227273951345,0.9999999984884314,13345.550772706945,0.9957444182718453
392,13,1.666666666666666,0.9927038660975621,0.1291646432400367,0.9999999984884314,13345.54128339529,0.984905386454378
393,13,2.0,0.9837832293053369,0.12633385063733443,0.9999999984884314,13345.538194818146,0.9697607364396283
394,13,2.333333333333333,0.9724788983630469,0.12260837533933959,0.9999999984884314,13345.54005739576,0.9520350562601739
395,13,2.666666666666666,0.9595088462479727,0.11846804738568419,0.9999999984884314,13345.535206942737,0.9330053834000537
396,13,3.0,0.9451231970327751,0.11418816914176028,0.9999999984884314,13345.525720373285,0.9135745093856906
397,13,3.333333333333332,0.9299306814524053,0.10994971237756444,0.9999999984884314,13345.527608294182,0.8943493669613963
398,13,3.666666666666666,0.9141228032019936,0.10583490052848109,0.9999999984884314,13345.5234113334,0.8757155957065937
399,13,4.0,0.8982568851168425,0.10193541876628097,0.9999999984884314,13345.526801904041,0.8579005166187941
400,13,4.333333333333332,0.8824204522679164,0.09824985132115058,0.9999999984884314,13345.52742341973,0.8410221746094959
401,13,4.666666666666666,0.8669672416155656,0.09481674280044662,0.9999999984884314,13345.515194893953,0.82512580292788
402,13,5.0,0.8519635574221132,0.09162203170826223,0.9999999984884314,13345.48533361191,0.8102096180321356
403,14,-5.0,0.0,0.0,0.020393135236083576,186.27024171383556,0.08772702452834762
404,14,-4.666666666666667,0.0,0.0,0.020393135236083576,186.27024171383556,0.08772702452834762
405,14,-4.333333333333333,0.0,0.0,0.020393135236083576,186.27024171383556,0.08772702452834762
406,14,-4.0,0.0,0.0,0.020393135236083576,186.27024171383556,0.08772702452834762
407,14,-3.666666666666667,0.0,0.0,0.020393135236083576,186.27024171383556,0.08772702452834762
408,14,-3.3333333333333335,0.0,0.0,0.020393135236083576,186.27024171383556,0.08772702452834762
409,14,-3.0,0.0,0.0,0.020393135236083576,186.27024171383556,0.08772702452834762
410,14,-2.666666666666667,0.0,0.0,0.0208953699859063,188.49299671858273,0.08772702482511219
411,14,-2.3333333333333335,0.0,0.0,0.02123650745573444,191.48646312800452,0.08772702706360014
412,14,-2.0,0.0,0.0,0.03997789899783398,363.4792387277554,0.08772705508041218
413,14,-1.666666666666667,0.042858131904247414,0.0009587594679029578,0.9624087234379801,8141.732591141955,0.08772883823445726
414,14,-1.3333333333333335,0.06952726061185949,0.0015554898676302085,0.9999697110604874,12890.587054166323,0.08775465235869472
415,14,-1.0,0.15057434800886654,0.003368894566373444,0.9999996416520304,13307.25100812351,0.08826292680434539
416,14,-0.666666666666667,0.6229519592332923,0.013928305761482811,0.9999999285058171,13342.415718551434,0.09760165341609303
417,14,-0.3333333333333339,1.1032132416206282,0.028599942105226307,0.9999999819480409,13345.82224225472,0.23201332929813973
418,14,0.0,0.9759892974645444,0.06497413117525254,0.9999999819480409,13345.888631358535,0.8038096073970338
419,14,0.33333333333333304,0.9917515227825731,0.10686568726465909,0.9999999819480409,13345.908988783789,0.9695451504301735
420,14,0.6666666666666661,0.9984295656551444,0.12472923740447611,0.9999999819480409,13345.932647746818,0.9944205842660521
421,14,1.0,1.0012740263398714,0.12855783854624064,0.9999999819480409,13345.931197203847,0.9999999999999949
422,14,1.333333333333333,0.9986010997358999,0.12566366377244512,0.9999999819480409,13345.917567183069,0.9957094747467228
423,14,1.666666666666666,0.993872789106412,0.11983506451014385,0.9999999819480409,13345.915336015747,0.9844828316037352
424,14,2.0,0.9862409439229193,0.11260205346866657,0.9999999819480409,13345.919192389973,0.9682129319953778
425,14,2.333333333333333,0.9766842951879641,0.10492730297471596,0.9999999819480409,13345.908724800387,0.9482793788832553
426,14,2.666666666666666,0.9658468745452679,0.09729727190769356,0.9999999819480409,13345.901459322578,0.925688437040229
427,14,3.0,0.953633199909163,0.08993106567246319,0.9999999819480409,13345.893863585596,0.901162554511505
428,14,3.333333333333332,0.9407716283003412,0.08299686390919249,0.9999999819480409,13345.898744431186,0.8752144064923915
429,14,3.666666666666666,0.9272367274085376,0.07651221320228058,0.9999999819480409,13345.884326341564,0.8482087708381065
430,14,4.0,0.9132795642355968,0.07051474404498902,0.9999999819480409,13345.883560679436,0.8204123663850195
431,14,4.333333333333332,0.8991388407818159,0.06500343525157933,0.9999999819480409,13345.83650697595,0.7920320229473976
432,14,4.666666666666666,0.8848652273794175,0.059940760144175854,0.9999999819480409,13345.728547482318,0.7632427583966673
433,14,5.0,0.8705017277011042,0.05530504729761508,0.9999999819480409,13345.544302840055,0.7342063149548589
434,15,-5.0,0.0,0.0,0.020393135236083576,186.29645382100114,0.05850112753005893
435,15,-4.666666666666667,0.0,0.0,0.020393135236083576,186.29645382100114,0.05850112753005893
436,15,-4.333333333333333,0.0,0.0,0.020393135236083576,186.29645382100114,0.05850112753005893
437,15,-4.0,0.0,0.0,0.020393135236083576,186.29645382100114,0.05850112753005893
438,15,-3.666666666666667,0.0,0.0,0.020393135236083576,186.29645382100114,0.05850112753005893
439,15,-3.3333333333333335,0.0,0.0,0.020393135236083576,186.29645382100114,0.05850112753005893
440,15,-3.0,0.0,0.0,0.020461756756047715,184.63648488490398,0.05850112755719922
441,15,-2.666666666666667,0.0,0.0,0.0208042239675693,187.67788339316044,0.058501127800814505
442,15,-2.3333333333333335,0.0,0.0,0.02259096512326319,203.7753114130674,0.058501130032832034
443,15,-2.0,0.0,0.0,0.24469322807179691,2020.0244529855645,0.05850127728473792
444,15,-1.666666666666667,0.0,0.0,0.9996881144567217,9081.081461224558,0.05850423154078045
445,15,-1.3333333333333335,0.027668271679255774,0.0008677734379782769,0.9999610882768228,12920.193572436996,0.05854848020297397
446,15,-1.0,0.15541074016455692,0.00487416954204936,0.9999994553235145,13302.411222088936,0.05933404508438134
447,15,-0.666666666666667,0.656433330555104,0.02065210954122569,0.9999999975451511,13343.153219116475,0.07288686933226916
448,15,-0.3333333333333339,0.8618115394795903,0.035991924795531545,0.9999999945780621,13346.244208308353,0.26029560135700497
449,15,0.0,1.0039474779489448,0.11771438338737271,0.9999999945780621,13346.292193101473,0.8445133989528797
450,15,0.33333333333333304,0.9881501683942666,0.19082966447943794,0.9999999945780621,13346.315202466005,0.9683544533811781
451,15,0.6666666666666661,0.9977653883515958,0.23312752280065366,0.9999999999470165,13346.341502434881,0.9944751752219387
452,15,1.0,0.9999217256603311,0.25227978862307426,0.9999999999470165,13346.319821518253,0.9999999999999987
453,15,1.333333333333333,0.9985672207620979,0.26047743728650663,0.9999999945780621,13346.318412819093,0.9968638851382808
454,15,1.666666666666666,0.9947162332514404,0.2627563428751797,0.9999999945780621,13346.303145323887,0.9901828980991457
455,15,2.0,0.9902201824527419,0.2619789358862859,0.9999999945780621,13346.305597980045,0.982302900626255
456,15,2.333333333333333,0.985040369926186,0.2593316536536171,0.9999999945780621,13346.312732038443,0.9742337989164039
457,15,2.666666666666666,0.9798661048525463,0.25573929606023393,0.9999999945780621,13346.296756710019,0.9663624407922309
458,15,3.0,0.9746897734322074,0.25160117308411545,0.9999999945780621,13346.290372807154,0.958798293814203
459,15,3.333333333333332,0.9695546283111779,0.2471801181349246,0.9999999945780621,13346.298220598794,0.9515360955523269
460,15,3.666666666666666,0.9646197844245492,0.2426926250047797,0.9999999945780621,13346.250794764916,0.9445303938051995
461,15,4.0,0.9597420716479298,0.23819532804343546,0.9999999998763719,13346.21419510048,0.9377282260848339
462,15,4.333333333333332,0.9548920112971033,0.2337413495965723,0.9999999945780621,13346.006576051144,0.9310821093168405
463,15,4.666666666666666,0.9500843993481475,0.2293652066685288,0.9999999998763717,13345.368187735665,0.9245541193637837
464,15,5.0,0.9454148651504956,0.22513017643151068,0.9999999998763721,13344.32173593016,0.9181159814874451
465,16,-5.0,0.0,0.0,0.020393135236083576,186.2651036457302,0.10703667213142835
466,16,-4.666666666666667,0.0,0.0,0.020393135236083576,186.2651036457302,0.10703667213142835
467,16,-4.333333333333333,0.0,0.0,0.020393135236083576,186.2651036457302,0.10703667213142835
468,16,-4.0,0.0,0.0,0.020393135236083576,186.2651036457302,0.10703667213142835
469,16,-3.666666666666667,0.0,0.0,0.020393135236083576,186.2651036457302,0.10703667213142835
470,16,-3.3333333333333335,0.0,0.0,0.020393135236083576,186.2651036457302,0.10703667213142835
471,16,-3.0,0.0,0.0,0.020393135236083576,186.2651036457302,0.10703667213142835
472,16,-2.666666666666667,0.0,0.0,0.020393135236083576,186.2651036457302,0.10703667213142835
473,16,-2.3333333333333335,0.0,0.0,0.020393135236083576,186.2651036457302,0.10703667213142835
474,16,-2.0,0.0,0.0,0.020393135236083576,186.2651036457302,0.10703667213142835
475,16,-1.666666666666667,0.1067448379269656,0.0021609962240696293,0.8442268595962162,6626.215530047575,0.10703752602906283
476,16,-1.3333333333333335,0.07367776747144275,0.0014919273036116737,0.9986038445091148,12455.391422150204,0.10704834311437135
477,16,-1.0,0.15840894158096763,0.003207241737979261,0.9999988246714259,13300.69761507907,0.10731013509252613
478,16,-0.666666666666667,0.6320117783680845,0.01278105528472968,0.9999999863959037,13343.73128548548,0.11286416368846708
479,16,-0.3333333333333339,1.3640159432578185,0.031818727947872834,0.9999999925354743,13346.525642559645,0.2035200853423913
480,16,0.0,0.8978572840621382,0.045642800908201754,0.9999999925354743,13346.56244242983,0.7313715976359237
481,16,0.33333333333333304,0.9942256314780902,0.08456694756109989,0.9999999925354743,13346.564377093324,0.9668283357537488
482,16,0.6666666666666661,0.9984586314164973,0.10052635275831918,0.9999999925354743,13346.56763722943,0.9946594139326689
483,16,1.0,0.9991877521461164,0.10516552655485685,0.9999999925354743,13346.565052598608,0.9999999999999913
484,16,1.333333333333333,0.9982662651361963,0.10449685219617214,0.9999999925354743,13346.56293853498,0.9956845380818252
485,16,1.666666666666666,0.9934716818130571,0.10099915726490295,0.9999999925354743,13346.565099420917,0.9837628787251103
486,16,2.0,0.985234711573724,0.09611809886208376,0.9999999925354743,13346.567947853182,0.9657004019027737
487,16,2.333333333333333,0.9740067155164811,0.090661181396323,0.9999999925354743,13346.561605044788,0.9430775007158373
488,16,2.666666666666666,0.9592933661823184,0.08499639927055555,0.9999999925354743,13346.561733084216,0.9174709075753271
489,16,3.0,0.9427888544799035,0.07951766833115784,0.9999999925354743,13346.560740339139,0.8902839703660401
490,16,3.333333333333332,0.9239966362165168,0.07427732792674271,0.9999999925354743,13346.561294150255,0.862646607861948
491,16,3.666666666666666,0.9034420035788917,0.06932608818346157,0.9999999925354743,13346.560686973806,0.8353909423184958
492,16,4.0,0.8818272205458251,0.06473438892631528,0.9999999925354743,13346.561263993723,0.8090777196286718
493,16,4.333333333333332,0.8599507657766705,0.06052823826981583,0.9999999925354743,13346.560777434626,0.7840463356401254
494,16,4.666666666666666,0.8379016698170991,0.05667837460773379,0.9999999925354743,13346.557020210297,0.7604699830436885
495,16,5.0,0.8160373731811676,0.05315206511664997,0.9999999925354743,13346.553988326887,0.7384047796922425
496,17,-5.0,0.0,0.0,0.0008350151913301536,6.862814549554236,0.011654087660224632
497,17,-4.666666666666667,0.0,0.0,0.0008350151913301536,6.862814549554236,0.011654087660224632
498,17,-4.333333333333333,0.0,0.0,0.0008350151913301536,6.862814549554236,0.011654087660224632
499,17,-4.0,0.0,0.0,0.0008350151913301536,6.862814549554236,0.011654087660224632
500,17,-3.666666666666667,0.0,0.0,0.0008350151913301536,6.862814549554236,0.011654087660224632
501,17,-3.3333333333333335,0.0,0.0,0.0008350151913301536,6.862814549554236,0.011654087660224632
502,17,-3.0,0.0,0.0,0.0015632147441849954,13.018387260662864,0.011654089038857436
503,17,-2.666666666666667,0.0,0.0,0.002347024013313666,19.736479365408556,0.011654094867407695
504,17,-2.3333333333333335,0.0,0.0,0.005738284693081371,49.52992765509584,0.011654137219809738
505,17,-2.0,0.0,0.0,0.2069710086253825,1725.159197417233,0.01165516535499073
506,17,-1.666666666666667,0.0,0.0,0.9997033362965617,10058.168518265044,0.011681850441324882
507,17,-1.3333333333333335,0.0,0.0,0.9997736023888345,13077.710593581578,0.012075227465234846
508,17,-1.0,1.0877466631667814,0.004229689651157189,0.9999999993281916,13320.039593183852,0.018590144095127256
509,17,-0.666666666666667,1.5288653143413595,0.01403782060486045,0.9999999993281916,13345.605801722999,0.11911259280179755
510,17,-0.3333333333333339,1.1316176628234507,0.034501275574837564,0.9999999993281916,13347.214194048065,0.7482209418546752
511,17,0.0,0.9580639181429605,0.07848873490053877,0.9999999993281916,13347.226454317282,0.9279622022767116
512,17,0.33333333333333304,0.982248189067632,0.12165629633021773,0.9999999993281916,13347.22816310987,0.9699217712455187
513,17,0.6666666666666661,0.9954817566998487,0.13508628448860027,0.9999999993281916,13347.228872919806,0.9929181633252793
514,17,1.0,0.9993770907378158,0.13303932755294287,0.9999999993281916,13347.228743605441,0.9999999999999934
515,17,1.333333333333333,0.9966447602287933,0.12514339040231154,0.9999999993281916,13347.22873838571,0.9940735643461414
516,17,1.666666666666666,0.9883199661913651,0.11523450587344607,0.9999999993281916,13347.22803830577,0.9786455091706141
517,17,2.0,0.977133077953347,0.10510129832616398,0.9999999993281916,13347.228287117152,0.9567835750993601
518,17,2.333333333333333,0.9634006262488913,0.09530373467369488,0.9999999993281916,13347.228294669056,0.9307133309633058
519,17,2.666666666666666,0.9481402906158369,0.08618139092203468,0.9999999993281916,13347.227622560402,0.9018751596478056
520,17,3.0,0.9322599608332519,0.07787786587904207,0.9999999993281916,13347.22409791375,0.8711403610655146
521,17,3.333333333333332,0.9158722854312177,0.07036838798537766,0.9999999993281916,13347.196854486236,0.8390241299895087
522,17,3.666666666666666,0.8990679619046039,0.0635917238106185,0.9999999993281916,13346.499440267147,0.8058463126051671
523,17,4.0,0.8823659641868716,0.05752678002378651,0.9999999993281916,13345.230559647243,0.7718393708697745
524,17,4.333333333333332,0.8656271313103433,0.052093021639452924,0.9999999993281916,13343.081912022146,0.7372151827654545
525,17,4.666666666666666,0.8487589002438295,0.04721550531451765,0.9999999993281916,13342.0546835243,0.7022020732054058
526,17,5.0,0.832109094398375,0.04285378037014198,0.9999999993281916,13336.944219404451,0.6670594405835376
527,18,-5.0,0.0,0.0,5.0932962306569594e-05,0.4010773353307724,0.0029365322649545712
528,18,-4.666666666666667,0.0,0.0,5.0932962306569594e-05,0.4010773353307724,0.0029365322649545712
529,18,-4.333333333333333,0.0,0.0,5.0932962306569594e-05,0.4010773353307724,0.0029365322649545712
530,18,-4.0,0.0,0.0,5.0932962306569594e-05,0.4010773353307724,0.0029365322649545712
531,18,-3.666666666666667,0.0,0.0,5.0932962306569594e-05,0.4010773353307724,0.0029365322649545712
532,18,-3.3333333333333335,0.0,0.0,5.0932962306569594e-05,0.4010773353307724,0.0029365322649545712
533,18,-3.0,0.0,0.0,5.0932962306569594e-05,0.4010773353307724,0.0029365322649545712
534,18,-2.666666666666667,0.0,0.0,0.0003065542308719998,2.474708574802823,0.0029365343273923448
535,18,-2.3333333333333335,0.0,0.0,0.0017299147946537394,14.437253641221547,0.0029365611726673655
536,18,-2.0,0.0,0.0,0.03929735474952448,360.483733035073,0.002937267416743762
537,18,-1.666666666666667,0.0,0.0,0.9383959160266737,8591.724759446877,0.0029888277969961925
538,18,-1.3333333333333335,0.0,0.0,0.9993880636221362,13066.039849318411,0.003745142664146591
539,18,-1.0,2.6122973061089283,0.0024196008259322727,0.9999981717691581,13312.625648705909,0.018053372223459697
540,18,-0.666666666666667,2.114838556950475,0.013684940745184842,0.9999999952227033,13342.597245598885,0.2536605381667158
541,18,-0.3333333333333339,1.7455255802576104,0.03429862079484523,0.9999999999999976,13345.36791165125,0.827300158237031
542,18,0.0,0.9483587997729169,0.045582669595699225,0.9999999999999976,13345.3911201906,0.9146843542738528
543,18,0.33333333333333304,0.9914997046607311,0.07487367021637012,0.9999999999999976,13345.429829683178,0.9633236701146564
544,18,0.6666666666666661,0.997810582881051,0.08429193581059793,0.9999999999999976,13345.518209163365,0.9912714833662108
545,18,1.0,0.9995794902520844,0.08391136572313128,0.9999999999999976,13345.442277629161,0.9999999999999906
546,18,1.333333333333333,0.9970799895293878,0.07963342377642678,0.9999999999999976,13345.423395238213,0.9924447425095657
547,18,1.666666666666666,0.9890315516692352,0.07370604844310326,0.9999999999999976,13345.415041687724,0.9723496806985839
548,18,2.0,0.9761664606310031,0.06739482335797203,0.9999999999999976,13345.420988923997,0.9435042691997277
549,18,2.333333333333333,0.9590606144037369,0.06127535163213068,0.9999999999999976,13345.410255324761,0.9092804092864641
550,18,2.666666666666666,0.9374650581695594,0.05552571719915302,0.9999999999999976,13345.392765019948,0.8724208312010076
551,18,3.0,0.9126706639378973,0.050334518876936525,0.9999999999999976,13345.386645502535,0.8349927209429178
552,18,3.333333333333332,0.8847207021871475,0.04566647599917954,0.9999999999999976,13345.380046190734,0.7984398439958094
553,18,3.666666666666666,0.8547162605673405,0.04153700563493951,0.9999999999999976,13345.350176861833,0.7636857491215352
554,18,4.0,0.8233421384957275,0.037903020434711415,0.9999999999999976,13345.333726703948,0.73125292433231
555,18,4.333333333333332,0.7912402374453934,0.034709250460952495,0.9999999999999976,13345.233002628593,0.7013751051646375
556,18,4.666666666666666,0.7591678814723676,0.0319116835984921,0.9999999999999976,13344.852465800624,0.674091560125385
557,18,5.0,0.7277277394090065,0.029464329848659297,0.9999999999999976,13344.348216584865,0.6493192115920556
558,19,-5.0,0.0,0.0,5.0932962306569594e-05,0.4010753395549164,0.0039412473477864855
559,19,-4.666666666666667,0.0,0.0,5.0932962306569594e-05,0.4010753395549164,0.0039412473477864855
560,19,-4.333333333333333,0.0,0.0,5.0932962306569594e-05,0.4010753395549164,0.0039412473477864855
561,19,-4.0,0.0,0.0,5.0932962306569594e-05,0.4010753395549164,0.0039412473477864855
562,19,-3.666666666666667,0.0,0.0,5.0932962306569594e-05,0.4010753395549164,0.0039412473477864855
563,19,-3.3333333333333335,0.0,0.0,5.0932962306569594e-05,0.4010753395549164,0.0039412473477864855
564,19,-3.0,0.0,0.0,5.0932962306569594e-05,0.4010753395549164,0.0039412473477864855
565,19,-2.666666666666667,0.0,0.0,5.0932962306569594e-05,0.4010753395549164,0.0039412473477864855
566,19,-2.3333333333333335,0.0,0.0,0.0010837988156107872,8.952692693197713,0.003941260617893478
567,19,-2.0,0.0,0.0,0.011730957251938842,104.27019021254651,0.003941539126754488
568,19,-1.666666666666667,0.0,0.0,0.7300357879701005,5755.596473372563,0.003966313596309186
569,19,-1.3333333333333335,0.0,0.0,0.9948505095479184,12389.13143657027,0.004298374742518489
570,19,-1.0,0.0,0.0,0.9999975043213051,13294.315239660644,0.011783969309609992
571,19,-0.666666666666667,1.9166868795844811,0.01073464314504651,0.9999996894570851,13341.984050468318,0.1629010381211575
572,19,-0.3333333333333339,2.059990343132344,0.04258318312506579,0.9999999547059651,13345.831243075547,0.845177739760231
573,19,0.0,0.9123233186059979,0.04695578320585242,0.9999999547059651,13345.920404877863,0.9465359217220244
574,19,0.33333333333333304,0.9980111567929281,0.08839179807492548,0.9999999547059651,13345.926648800536,0.9797086502999237
575,19,0.6666666666666661,1.0016027412644257,0.10805102803240901,0.9999999547059651,13345.941299565977,0.9955515378326913
576,19,1.0,1.0004512524258906,0.11596179654744537,0.9999999547059651,13345.951884049848,0.9999999999999948
577,19,1.333333333333333,0.9988161290384283,0.11828941506602368,0.9999999547059651,13345.94705184198,0.9964620748042574
578,19,1.666666666666666,0.9950155594442219,0.11754122852581668,0.9999999547059651,13345.954794802617,0.9872707249296389
579,19,2.0,0.9874824933791886,0.11467274278881144,0.9999999547059651,13345.935874009809,0.974164250865847
580,19,2.333333333333333,0.9789235605079518,0.11097364511299444,0.9999999547059651,13345.938891641794,0.958487389416562
581,19,2.666666666666666,0.9684748548519038,0.10672678331584175,0.9999999547059651,13345.936460944235,0.9412801484012578
582,19,3.0,0.956843040852399,0.10226783579520583,0.9999999547059651,13345.9213874476,0.9233284591631699
583,19,3.333333333333332,0.9437364838717636,0.09766856507223315,0.9999999547059651,13345.928530087636,0.9052049999207818
584,19,3.666666666666666,0.9311941813817453,0.09328472343854317,0.9999999547059651,13345.928357034472,0.8873082317352387
585,19,4.0,0.9176855783257959,0.08897223601157585,0.9999999547059651,13345.926785256925,0.8698994278720625
586,19,4.333333333333332,0.9046102229234416,0.08489149114685593,0.9999999547059651,13345.915093735306,0.8531357525318123
587,19,4.666666666666666,0.8910172732512712,0.08093684119416691,0.9999999547059651,13345.925623629477,0.8370984506173026
588,19,5.0,0.8784123623705069,0.07727706840520157,0.9999999547059651,13345.906500609111,0.8218152658360003
589,20,-5.0,0.04144567163421133,0.001391132710713475,0.020393135236083576,186.30282274354585,0.08881829212200841
590,20,-4.666666666666667,0.04144567163421133,0.001391132710713475,0.020393135236083576,186.30282274354585,0.08881829212200841
591,20,-4.333333333333333,0.04144567163421133,0.001391132710713475,0.020393135236083576,186.30282274354585,0.08881829212200841
592,20,-4.0,0.04144567163421133,0.001391132710713475,0.020393135236083576,186.30282274354585,0.08881829212200841
593,20,-3.666666666666667,0.04144567163421133,0.001391132710713475,0.020393135236083576,186.30282274354585,0.08881829212200841
594,20,-3.3333333333333335,0.04144567163421133,0.001391132710713475,0.020393135236083576,186.30282274354585,0.08881829212200841
595,20,-3.0,0.04144567163421133,0.001391132710713475,0.020393135236083576,186.30282274354585,0.08881829212200841
596,20,-2.666666666666667,0.04127471978731581,0.0013853757949885848,0.020484621051676866,184.8360384035421,0.08881829219067668
597,20,-2.3333333333333335,0.040692261369591816,0.0013658071050487621,0.020758622918619338,187.26323549624885,0.08881829276590587
598,20,-2.0,0.04213417918249063,0.0014142425539224344,0.033755581084905666,306.8285421146016,0.08881830611947565
599,20,-1.666666666666667,0.03842142635076939,0.001289577045042859,0.7214487100930109,5778.342613812772,0.08881963116073831
600,20,-1.3333333333333335,0.045109271068318114,0.0015143498007156267,0.9990656946611303,10792.70014681471,0.08884181186649731
601,20,-1.0,0.1097098649549241,0.003682557330595887,0.9999934598720873,12904.247057320981,0.08930392108778837
602,20,-0.666666666666667,0.3774018956143057,0.01268720221928783,0.9999999111534909,13282.57061220073,0.09856074329448417
603,20,-0.3333333333333339,1.060407109530758,0.047046865396795916,0.9999999988056744,13286.596311031319,0.24528920712729646
604,20,0.0,0.9924423022759542,0.11482568409670518,0.9999999988056744,13286.618041868765,0.8445521721498821
605,20,0.33333333333333304,1.00131818815095,0.20410801030001166,0.9999999988056744,13286.620525444901,0.9794127130969164
606,20,0.6666666666666661,1.0041537139691827,0.25891127195881136,0.9999999988056744,13286.621654566996,0.9967587217659298
607,20,1.0,1.0004500942682022,0.2891421022652406,0.9999999988056744,13286.620546775512,1.0
608,20,1.333333333333333,0.9990282133415066,0.30808045611021884,0.9999999988056744,13286.620887570023,0.9981388268880617
609,20,1.666666666666666,0.9969934930076128,0.3200164903792169,0.9999999988056744,13286.620760829,0.9940513822941737
610,20,2.0,0.9949169917035806,0.3277685146465467,0.9999999988056744,13286.621271235483,0.9890706200146745
611,20,2.333333333333333,0.9918188721796333,0.3325352115323911,0.9999999988056744,13286.619155428489,0.9838420068208726
612,20,2.666666666666666,0.9892560752729912,0.33564454735674926,0.9999999988056744,13286.618653602181,0.9786704894595623
613,20,3.0,0.9854921665252264,0.3370967229506231,0.9999999988056744,13286.618824799485,0.9736896266454957
614,20,3.333333333333332,0.9824709329335622,0.33797498739115645,0.9999999988056744,13286.618055213152,0.9689474582968653
615,20,3.666666666666666,0.9794573449117908,0.3382199189634545,0.9999999988056744,13286.618052445172,0.9644506370267629
616,20,4.0,0.9764585658093,0.33802754304274674,0.9999999988056744,13286.618300995133,0.9601870624326816
617,20,4.333333333333332,0.9734325161360234,0.3375613761354273,0.9999999988056744,13286.602883882764,0.9561373210803807
618,20,4.666666666666666,0.9700447331180382,0.3366598300321207,0.9999999988056744,13286.581874703243,0.9522803368192803
619,20,5.0,0.9669264876289707,0.3357449872194268,0.9999999988056744,13286.552403160156,0.9485959314871639
620,21,-5.0,0.0,0.0,0.020393135236083576,186.2602007839494,0.12037617002996127
621,21,-4.666666666666667,0.0,0.0,0.020393135236083576,186.2602007839494,0.12037617002996127
622,21,-4.333333333333333,0.0,0.0,0.020393135236083576,186.2602007839494,0.12037617002996127
623,21,-4.0,0.0,0.0,0.020393135236083576,186.2602007839494,0.12037617002996127
624,21,-3.666666666666667,0.0,0.0,0.020393135236083576,186.2602007839494,0.12037617002996127
625,21,-3.3333333333333335,0.0,0.0,0.020393135236083576,186.2602007839494,0.12037617002996127
626,21,-3.0,0.0,0.0,0.020393135236083576,186.2602007839494,0.12037617002996127
627,21,-2.666666666666667,0.0,0.0,0.020393135236083576,186.2602007839494,0.12037617002996127
628,21,-2.3333333333333335,0.0,0.0,0.020416013854441115,184.18681862778098,0.12037617004819984
629,21,-2.0,0.0,0.0,0.021009197846179044,189.49075262344263,0.1203761707154229
630,21,-1.666666666666667,0.07615104526924979,0.001528604511088148,0.7180189715836242,5746.8153001774635,0.12037708468573578
631,21,-1.3333333333333335,0.09773605826376207,0.001962248580639238,0.9621942096204197,11399.24676706012,0.12038981629895551
632,21,-1.0,0.14564728318973716,0.0029239253939593655,0.9999999977419805,13279.375371034974,0.12067925422505948
633,21,-0.666666666666667,0.5419728055258426,0.010868814224507865,0.9999999997014181,13340.706554444861,0.12658100232318723
634,21,-0.3333333333333339,2.1759625461179057,0.046555688936035754,0.9999999999813382,13346.335353533803,0.2198275234111532
635,21,0.0,0.8782277754146913,0.04281301577779283,0.9999999999813382,13346.45958638156,0.737505119398763
636,21,0.33333333333333304,0.9990098246106323,0.08248006854317896,0.9999999999813382,13346.471837870642,0.9638292033040562
637,21,0.6666666666666661,0.9987105153626717,0.09843975125785716,0.9999999999813382,13346.477727507681,0.9938045543228612
638,21,1.0,0.9997166074383099,0.10334255168346326,0.9999999999813382,13346.496267299044,0.9999999999999951
639,21,1.333333333333333,0.9995625577170544,0.1030897818501631,0.9999999999813382,13346.489445642854,0.9948215735917184
640,21,1.666666666666666,0.9956506702109775,0.09985188012282313,0.9999999999813382,13346.480986179215,0.9802369570855477
641,21,2.0,0.9882141967228731,0.09509309575545499,0.9999999999813382,13346.490293536335,0.9576257752502304
642,21,2.333333333333333,0.9788785685193984,0.0897652915974142,0.9999999999813382,13346.47468484005,0.9286837663303456
643,21,2.666666666666666,0.9658165431732088,0.084193654327194,0.9999999999813382,13346.478999526447,0.8953798693053394
644,21,3.0,0.9496768016892958,0.07872769238839732,0.9999999999813382,13346.47822668114,0.8597100767530337
645,21,3.333333333333332,0.9286339033874688,0.07333825382486367,0.9999999999813382,13346.465451630735,0.8234521953858593
646,21,3.666666666666666,0.9051290856469185,0.06833490890999107,0.9999999999813382,13346.471052037374,0.7880124690856302
647,21,4.0,0.8783522533268611,0.06366362381418914,0.9999999999813382,13346.464411381367,0.7543799494633482
648,21,4.333333333333332,0.850503151789733,0.059460461386680624,0.9999999999813382,13346.460989683945,0.7231605598497238
649,21,4.666666666666666,0.8196993314266262,0.05551457921185098,0.9999999999813382,13346.465269396309,0.6946521142729951
650,21,5.0,0.7887919750171039,0.05196856964242106,0.9999999999813382,13346.453510455605,0.6689279844704166
651,22,-5.0,0.0,0.0,0.020393135236083576,186.25950821178773,0.12152917733642787
652,22,-4.666666666666667,0.0,0.0,0.020393135236083576,186.25950821178773,0.12152917733642787
653,22,-4.333333333333333,0.0,0.0,0.020393135236083576,186.25950821178773,0.12152917733642787
654,22,-4.0,0.0,0.0,0.020393135236083576,186.25950821178773,0.12152917733642787
655,22,-3.666666666666667,0.0,0.0,0.020393135236083576,186.25950821178773,0.12152917733642787
656,22,-3.3333333333333335,0.0,0.0,0.020393135236083576,186.25950821178773,0.12152917733642787
657,22,-3.0,0.0,0.0,0.020393135236083576,186.25950821178773,0.12152917733642787
658,22,-2.666666666666667,0.0,0.0,0.020393135236083576,186.25950821178773,0.12152917733642787
659,22,-2.3333333333333335,0.0,0.0,0.020393135236083576,186.25950821178773,0.12152917733642787
660,22,-2.0,0.0,0.0,0.020872590476466203,188.2711319911665,0.121529177718348
661,22,-1.666666666666667,0.04734436940599845,0.0009440705130605209,0.6851088277882246,5407.854683712056,0.12152981573871782
662,22,-1.3333333333333335,0.08835370401447898,0.0017621220673758316,0.992679828097063,12393.40917608357,0.12153802623270353
663,22,-1.0,0.14262134611280847,0.0028441303504816314,0.9999988913471831,13287.58234001955,0.12174176229717287
664,22,-0.666666666666667,0.6086580942410084,0.012117394380320173,0.9999999984884314,13339.09812082516,0.1262228359928984
665,22,-0.3333333333333339,1.5784436981487935,0.03592849874751444,0.999999999841049,13345.073916143738,0.2021571753025822
666,22,0.0,1.0631388349197008,0.05023804320857318,0.9999999998763721,13345.246687814735,0.6930971823356575
667,22,0.33333333333333304,0.9951009792989183,0.07829315166096878,0.9999999998763721,13345.27582809546,0.963869245910985
668,22,0.6666666666666661,0.9966275926325707,0.0950343797094173,0.9999999998763721,13345.32268476674,0.9950666030555272
669,22,1.0,0.9999818689546377,0.10200072457517449,0.9999999998763721,13345.320570090356,0.999999999999994
670,22,1.333333333333333,0.9983926178289442,0.10323762120998072,0.9999999998763721,13345.336094352844,0.9965827512972821
671,22,1.666666666666666,0.9967627880651666,0.10169571778630956,0.9999999998763721,13345.337971524288,0.9874714525339982
672,22,2.0,0.9913681997749972,0.0982318265756282,0.9999999998763721,13345.323857500323,0.9737113729033853
673,22,2.333333333333333,0.985723149291678,0.09397689340243218,0.9999999998763721,13345.297673764382,0.9560765849993464
674,22,2.666666666666666,0.9780958635736372,0.08921190488790395,0.9999999998763721,13345.27977636713,0.9352937281509948
675,22,3.0,0.9689238452568388,0.08429899069985139,0.9999999998763721,13345.272419102741,0.9120825974448946
676,22,3.333333333333332,0.9578756039303188,0.07935352575787163,0.9999999998763721,13345.273682639094,0.8871484874328878
677,22,3.666666666666666,0.9452560620133869,0.0745329834408809,0.9999999998763721,13345.270160423395,0.8611591415645538
678,22,4.0,0.9314492492683054,0.06996974192967123,0.9999999998763721,13345.273504622268,0.8347195677934238
679,22,4.333333333333332,0.9157890274237993,0.06560010664570233,0.9999999998763721,13345.270007120393,0.8083518044747738
680,22,4.666666666666666,0.8985050592663391,0.06148058304020319,0.9999999998763721,13345.268642304103,0.7824834642414136
681,22,5.0,0.8799368373728955,0.057639239793370094,0.9999999998763721,13345.25673851218,0.7574449379529675
